mean_x_a,mean_y_a,mean_z_a,std_x_a,std_y_a,std_z_a,max_x_a,max_y_a,max_z_a,min_x_a,min_y_a,min_z_a,mean_x_g,mean_y_g,mean_z_g,std_x_g,std_y_g,std_z_g,max_x_g,max_y_g,max_z_g,min_x_g,min_y_g,min_z_g,model,accion
-1.2846699128,-0.1172150539,9.9404015943,2.1960947772,1.1962871416,2.821774831,4.876236,7.366638,19.883667,-13.939407,-6.591858,2.6733856,-0.0014125024,0.0039227888,-0.017703218,0.2996488264,0.2778559622,0.4420576125,1.9635468,1.7632141,2.126587,-1.9049835,-1.1473999,-3.3635254,nexus4,walk
-3.8477680787,0.0020601652,8.5355099326,3.4327192587,1.2604490385,1.9573909557,2.7087402,7.667755,24.39566,-17.667236,-8.546143,1.2977295,-0.0256169292,-0.0019111856,0.0323250408,0.3812220018,0.4364152061,0.4169219497,1.9784546,7.6496277,2.5354004,-2.5300598,-3.777069,-1.86203,nexus4,null
-1.3810801944,0.6259629984,9.2499707644,1.0586795586,1.9294143436,1.2945825428,4.261679,6.3206925,19.019539,-8.532935,-4.5681367,0.91937345,0.0122650188,-0.0012766422,-0.0058080001,0.9754600214,0.3621073811,0.3130277931,2.5421157,2.1380284,1.1038336,-2.5192082,-1.8332067,-1.4156802,s3,bike
-0.5210692121,-0.421890476,9.9552665237,0.2067546483,0.2401792757,0.2547244691,0.19030762,1.1093903,10.916809,-1.6316986,-1.8327484,8.92424,0.0001687075,0.0002954919,0.0005033135,0.0161763316,0.0308484408,0.0857250783,0.23406982,0.43881226,1.0823517,-0.20172119,-0.22128296,-0.4877777,nexus4,stand
3.8258219149,0.6099415762,8.7946391684,0.1449294236,0.0467854493,0.1607665305,4.9416323,0.9959879,10.228029,3.2465374,0.32561144,6.5026517,0.0044851298,-0.0033643284,0.0103455669,0.0106780229,0.0274772222,0.0127408926,0.11453723,0.2959642,0.18936823,-0.044898596,-0.8384125,-0.6133087,s3,sit
3.9562406848,0.1530269958,9.2503484704,0.151267382,0.2147270547,0.258356762,5.3604736,0.6940155,10.682343,3.201645,-0.3683777,7.056839,-0.0001801022,0.0001397765,0.0003438078,0.0039267082,0.0256716128,0.005259678,0.043258667,0.3068695,0.15180969,-0.041122437,-0.85417175,-0.06253052,nexus4,sit
-3.2768676775,-0.2430520678,8.8961414071,2.0374237563,1.2624442019,1.6308213458,4.1371803,6.081272,16.615759,-12.823344,-6.4547677,2.2505496,-0.0031404655,-0.0061127221,0.041639386,0.272500059,0.311947716,0.5652143558,1.3472633,1.5812247,2.2266037,-1.4230106,-2.7000244,-2.295937,s3,null
0.9265290842,-0.1999467297,9.2191977363,1.0353025426,1.8880184333,1.3904828441,5.3007627,5.3713913,18.728643,-4.1096473,-5.483919,2.3056161,-0.0141354213,-0.004770533,-0.0248232653,0.7875478875,0.4774040708,0.2823318146,2.69109,1.7808039,1.8652207,-3.230772,-2.4556503,-1.485833,s3mini,bike
-3.8127496426,1.275570656,8.6163632797,1.5347580627,1.2581814048,1.7019989825,0.46327803,8.465898,15.460558,-11.337742,-5.258864,4.3263226,0.0711177403,-0.0563459499,-0.2047421763,0.3727565246,0.3354627833,0.5961805421,2.8267424,2.2619307,3.2102778,-1.7473787,-1.766409,-2.4439392,s3mini,stairsdown
-3.8030706553,0.3054561303,8.5982719093,1.6141470323,1.3445798037,1.8143762628,1.3323733,4.8578353,15.288175,-11.178528,-6.4272346,1.2856863,0.113032174,-0.0346194677,-0.3722109258,0.3847658075,0.2370729224,0.615353289,1.7971505,1.8686364,2.083826,-1.9630563,-2.3392723,-4.154233,s3mini,stairsup
-1.5523042396,-0.0640113656,9.8520602333,0.1812736061,0.2437039144,0.2700643239,-0.39050293,1.6902008,10.804932,-2.904007,-1.2848206,8.640976,-0.0011725764,0.0016017088,1.97253958762E-05,0.0194267437,0.0352520836,0.0697743821,0.22697449,0.41738892,0.598114,-0.24424744,-0.30999756,-1.0126038,nexus4,stand
-1.8546647242,-0.3066827157,9.2060770444,2.0032154504,1.249822008,1.7740141508,2.2601264,4.6351743,18.377892,-10.793061,-6.579266,0.48841715,0.0148892893,-0.0150402738,-0.0333936256,0.4961636814,0.4011987601,0.4508327384,2.5787675,1.7889189,3.094338,-1.5357152,-2.2061398,-1.9709567,s3,bike
-1.5924737908,0.0827834314,9.3206773057,1.7692883478,1.3225295861,2.6169144458,3.5577838,6.847417,19.066225,-13.858836,-6.1758432,2.6719291,-0.0106645207,-0.0117929479,-0.0213124218,0.2560678149,0.3302353955,0.3385279088,1.0778999,1.7498186,1.8559494,-1.6727211,-1.5736656,-1.7832437,s3mini,walk
0.2589496603,-0.368603635,9.602723031,0.1074398708,0.1072170658,0.1247384739,0.6895301,0.90021986,10.01734,-3.323152,-0.8810662,8.781932,0.0042513007,-0.0036998095,0.009861357,0.0116815412,0.0181068467,0.025798707,0.20525073,0.13836098,0.24556783,-0.17745635,-0.46120325,-0.3594942,s3,sit
-2.2195233086,-0.5839475194,9.1215444353,1.2157492364,1.5679454423,1.111539798,2.0147207,2.9628246,13.342886,-5.884948,-4.4077253,5.4887075,0.0341142956,-0.0285762967,-0.2173902118,0.6404060127,0.5944769515,0.3736228126,2.4973707,2.0799222,2.08407,-1.860097,-2.4285686,-2.176538,s3mini,bike
-3.7862716932,0.0509384642,9.1610055351,2.1697384223,1.9273125495,2.5102736492,2.8648224,9.17334,24.567047,-16.818466,-11.066956,1.8831024,0.1616235361,-0.0377502991,-0.3985114344,0.7582106659,0.5990585145,0.7597714054,2.1247406,2.8647156,2.4052124,-1.9394379,-1.9845276,-3.9532776,nexus4,stairsup
-1.1254035109,-0.053916189,9.5771829914,1.7783920251,1.4335110793,2.7259873667,4.453215,6.799533,19.191921,-14.346057,-6.0238113,2.4995465,0.0096467645,-0.0004929359,-0.0202985356,0.2798656082,0.3697300153,0.3700583508,1.3002267,2.0344868,1.5766432,-2.1297817,-1.7986927,-1.9474384,s3,walk
5.8595073922,-0.833536361,7.328378338,1.4908327797,0.3874748276,0.1621852933,6.8522053,1.5921441,7.949947,-6.2404866,-2.8526914,6.373365,-0.0117428309,-0.0103104659,-0.0067409551,0.0253227082,0.0236115506,0.0396787051,0.28350377,0.1954273,1.6593022,-0.57432693,-1.4626551,-1.4011723,s3mini,stand
3.957120059,-0.3031956347,7.5328649633,4.9456839401,1.7681836341,2.8603205512,17.402254,8.1079645,17.694347,-16.324863,-14.754268,2.0386627,-0.0174318615,-0.0077571087,-0.0055225488,0.4725908584,0.672128787,0.5232530483,2.586179,2.7225635,2.8167393,-2.0987086,-2.6747434,-3.0756013,s3mini,walk
-3.1141045116,1.0499710574,9.4394313011,1.9186425185,1.6411916786,2.1542801397,1.8638763,7.345215,17.517578,-12.540939,-5.8365326,4.5205536,-0.0115702263,0.0019541642,0.0205050515,0.463866459,0.5223459382,0.532786712,1.313324,1.855957,3.2252045,-1.4253235,-2.1355896,-2.218979,nexus4,walk
-2.8930748416,0.36593392,9.6240698866,2.724381485,2.0921349195,3.6205804753,11.972122,14.869568,32.911438,-24.86055,-12.973633,1.5641327,-0.1436099552,-0.0060752994,0.4354330971,0.5429555166,0.7357369152,0.8808165487,2.7570648,4.9229736,3.8631897,-3.4839325,-3.1017761,-2.517044,nexus4,stairsdown
-3.2246211777,0.9029747744,9.3903232989,1.4694392504,1.219557914,1.7751173197,1.11763,7.597534,16.864166,-9.811844,-5.146225,4.3979645,0.0873058342,-0.0511333379,-0.2367424273,0.3859991101,0.3704690762,0.6505956636,1.6177368,1.8751831,2.8556366,-1.4285278,-1.8849182,-2.5832062,nexus4,stairsdown
-5.6977509766,0.2528365752,8.2500858089,2.5445798546,1.984093757,3.2898217794,1.3473358,11.105011,25.403748,-19.610641,-9.929138,0.78952026,0.2547455279,-0.057434278,-0.3654035705,0.5915715835,0.8739706726,0.8276873627,2.6680603,5.0266724,2.8820648,-2.1790466,-3.071228,-3.4808502,nexus4,stairsdown
-1.913227973,1.5905690511,9.6414966804,0.1300439184,0.1952578216,0.2099891143,-0.6571045,3.2790985,10.577606,-2.8910828,-0.54452515,8.694534,0.0002246339,-0.0003394926,-0.000460081,0.0151924575,0.0319055648,0.0517782972,0.80996704,0.47795105,0.5611725,-0.17875671,-0.4513092,-0.56159973,nexus4,stand
-4.8167696074,1.2536673934,8.2110160104,0.3196389995,0.4822087463,0.2535951687,-3.0071173,3.4093432,9.337387,-6.435614,0.1436521,6.885724,0.0050460462,-0.0068058163,0.0134971645,0.0620990481,0.0488899162,0.0945073975,0.4147775,0.4196644,0.7324274,-0.41233405,-0.3979787,-0.5867361,s3,stand
-6.176748194,0.2300012364,7.6763475777,2.3021676281,1.5349103482,2.4182857009,11.213974,20.808151,39.31801,-38.812073,-9.264267,-2.2908783,-0.2502420956,-0.0119080671,0.304009756,0.485865187,0.6711300128,0.603985304,3.5605774,9.267212,2.630478,-2.2575073,-3.078003,-3.2746124,nexus4,stairsup
-2.5873293383,1.9361296225,8.9586830095,0.1403353202,0.1211741643,0.0634014055,-1.0151415,3.4476504,10.06283,-3.809175,0.073023155,7.9367785,-0.0106183512,-0.0089151782,-0.0079743607,0.0306414408,0.0412677197,0.0500539469,1.6961432,1.7005347,2.0296626,-1.8420427,-1.7017546,-1.5985514,s3mini,stand
-3.4040494917,0.890125838,8.5990011676,2.6305767439,1.550097726,2.5712567325,10.103531,12.308591,19.612701,-16.788143,-7.7213006,1.5837644,-0.0290878843,-0.0071316976,0.0133864115,0.4831327734,0.4513784169,0.6083717963,2.2885244,2.7428136,2.9784975,-2.869195,-2.3495193,-2.8423572,s3mini,null
7.7429329506,0.092982304,5.6633144482,0.1791766885,0.1785097659,0.2165900365,9.299079,1.5897499,7.5465236,6.090849,-0.9576807,4.0797195,0.0093470262,-0.0117531899,0.0108005726,0.0354972565,0.0439791272,0.0446868969,0.19028452,0.51251596,0.37720928,-0.63041294,-0.40744713,-0.6585127,s3,sit
-1.5787428211,-0.5983841622,9.6806646164,1.9002904365,1.173966598,1.7015431342,4.087143,5.949875,22.691315,-11.717331,-6.822754,-1.9276733,0.0042565983,-0.0066676456,-0.0542349456,0.4871657766,0.3945346655,0.4323188521,3.1568146,1.8670807,2.195465,-2.1025848,-2.8972473,-1.9835663,nexus4,bike
-4.7567883759,0.3418152417,8.6915555674,1.0779774637,0.8738444202,0.8001022081,0.5104675,5.074341,15.517868,-9.72377,-2.619461,4.9180756,0.0836085592,-0.0245181432,-0.1626678367,0.2091106404,0.291297184,0.312277205,0.8003235,1.0015106,1.6680908,-0.798645,-1.2573853,-1.3098145,nexus4,bike
-1.7140508364,-0.2362550961,9.3851819232,1.1136615139,1.4974280502,1.392859547,2.231396,5.4779334,15.006856,-5.899313,-3.6104562,3.7924154,0.0302970748,-0.0419768544,-0.2103946345,0.7939586993,0.3621872418,0.3028632479,2.406809,1.606881,0.90224797,-2.8567114,-1.5161675,-1.2559389,s3,bike
-2.6584430231,-1.1454882445,9.5224475388,0.2662598793,0.2658763037,0.2276519627,0.7736664,1.9048767,13.92897,-8.243179,-3.2795715,5.902359,-0.0016697651,-4.42127725539E-06,0.0028044548,0.0738633909,0.0618669982,0.2603007053,0.31985474,1.2328491,1.4395294,-0.93618774,-1.9789734,-1.2563934,nexus4,stand
-0.7464275542,-0.1176513804,9.6192172664,0.1938544067,0.194476443,0.1333742876,-0.10534488,1.3982137,10.505757,-1.8004397,-1.5993267,8.858546,0.0037763139,0.00247545,-0.00610794,0.0153535283,0.0299736369,0.0783573599,0.24465153,0.32650748,1.070236,-0.19608775,-0.1994475,-0.48991394,s3,stand
-5.5926400712,0.4405194388,8.3129241565,2.0874283753,2.1003094666,2.6088885298,-0.22132874,8.830566,18.893433,-15.676056,-6.8453674,3.2817688,-0.0149324849,0.0091372293,0.0205140284,0.5757747078,0.8234359738,0.562231913,1.7868652,2.7943115,3.1790009,-2.6383362,-2.4944458,-2.0688019,nexus4,walk
-4.1200947496,0.1879216304,8.5868008241,2.1828784607,1.4189859393,2.362798504,1.4209588,5.2205567,15.709555,-15.028404,-5.398925,3.2585084,-0.009385646,-0.0118505615,-0.0232155736,0.2408580636,0.274011158,0.3987821188,1.3243189,1.019589,2.096025,-0.98274803,-1.6641818,-2.679135,s3mini,walk
-2.3445080734,-0.0939766882,9.1563571274,2.1214805554,1.6819628884,2.1501902823,5.4683566,10.716447,19.460072,-16.912642,-10.429143,-0.24899697,0.0148754007,-0.0099202201,-0.0211006445,0.3582745613,0.4301245789,0.4896565083,2.1245892,7.7445498,2.6456573,-2.2354615,-3.1844406,-2.7375927,s3,null
-5.7727099385,1.0674231041,7.5689635406,2.1646087029,2.1146319694,2.5179744389,0.44771573,8.692149,15.308526,-12.955026,-6.4463882,3.0573955,-0.0229620315,-0.0019283115,0.0048804491,0.5123221986,0.7167547795,0.4917772256,2.1684868,2.8984723,2.7991729,-2.444183,-2.8984723,-2.3807485,s3mini,walk
-4.4634439994,0.2430641079,8.4724664058,2.2405809834,1.9391254485,2.9195664206,3.940856,8.825027,19.612701,-15.545551,-7.7560163,0.4249708,-0.2228422157,-0.0342894251,0.4503586104,0.3666124543,0.7330631336,0.7681167291,1.158901,6.0582466,4.878363,-1.9054772,-3.5413575,-2.4095383,s3mini,stairsdown
-0.6971337935,-0.2098980115,9.8975902051,1.2217991933,0.8738027744,1.1636657691,7.151703,4.519272,26.004593,-10.484467,-3.9924927,-0.035476685,0.0013149613,-0.0014586713,-0.0075764821,0.2543141616,0.2307728047,0.220832524,1.2329559,2.216095,1.1457825,-1.056015,-1.6163025,-1.1933899,nexus4,bike
-1.9379699261,0.8280370733,9.0133758908,1.0652057281,2.0316357133,1.0991439887,4.807557,6.9228344,19.612701,-11.449073,-4.2413282,1.5753847,-0.0082355698,-0.00661707,-0.0187204235,0.8803865542,0.3340269554,0.3286076477,2.4998105,2.1155434,1.1667084,-3.6016202,-1.5848886,-1.7832437,s3mini,bike
-1.465423414,0.8290120144,9.2338797579,1.0879261843,1.2413995147,1.3434528187,3.0933087,6.579266,18.971655,-6.799533,-4.855441,0.9864111,0.0173008919,-0.0186127277,0.0103935468,0.481813822,0.4125366278,0.2222421033,1.5271631,1.924531,0.93279123,-1.3460416,-1.9260582,-1.3142766,s3,bike
2.7346326663,-0.2470714295,7.8894415275,4.5716466894,1.374817499,1.9061002169,17.92898,19.612701,19.612701,-19.6133,-19.6133,-0.34715924,0.0044920883,-0.0137413786,0.0180906155,0.3355271522,0.3672040457,0.3793072641,2.237289,4.927403,2.2982836,-2.072847,-6.6550193,-1.8722961,s3mini,null
-3.107406883,0.0377365755,8.9067418832,1.2085182734,1.288104959,1.5456670116,0.41180268,3.5098996,14.933833,-7.3083005,-5.321113,5.127183,0.078571419,-0.0258267748,-0.3795474612,0.2584645993,0.1718887904,0.5091920488,1.181835,1.5180383,1.5309693,-0.96859723,-1.6510069,-3.7189744,s3mini,stairsup
-2.6408138255,0.5357941895,9.6664227197,2.4064984557,1.9369739777,3.2535924198,4.229965,10.827698,23.250702,-18.756088,-11.057434,1.3498993,-0.002443376,-0.0003167515,0.0057712483,0.5548594733,0.4982230551,0.491359056,2.179947,2.015564,2.4924164,-2.4364471,-1.8275146,-2.3019714,nexus4,walk
-3.5568978547,-0.0934488815,8.9689709989,2.0579037637,1.5368906623,2.4889208761,1.8483237,5.1906295,16.634912,-13.081918,-6.167464,2.9975405,0.0145896055,-0.0063672866,-0.0071000057,0.2691797244,0.3116880689,0.4337337715,1.3930782,1.0604621,1.8668042,-1.1191051,-1.2660183,-2.946814,s3,walk
4.158656467,-0.1032261917,7.9512451837,3.9764450278,1.514575154,2.2765455725,17.729063,6.3985043,15.9262295,-14.348451,-6.841431,2.6001031,-0.0043986491,-0.0043142174,-0.0019207658,0.3022514088,0.4328709132,0.4694950562,3.3761835,2.373917,5.1084356,-1.9098688,-1.7105379,-2.4117339,s3mini,walk
5.7123809532,-0.6387182649,7.3635215546,3.3636725115,1.6070046411,2.8156226236,18.387468,7.1071877,19.612701,-14.900314,-19.6133,0.29448682,-0.2000610515,0.0402813572,-0.2763297286,0.4991068592,0.4705817974,0.6486922367,2.563245,2.142869,4.1625285,-2.986305,-4.4877524,-3.1219573,s3mini,stairsdown
-1.7395928401,0.8111349331,9.3894476277,2.9343380717,1.3579563349,1.3999426336,10.872391,19.880997,34.00859,-29.445313,-11.599411,-2.7098236,-0.0138589659,0.0003335617,0.0260947665,0.3333094046,0.398752758,0.4589327215,1.5653992,6.1700745,2.2414703,-2.0581665,-5.0803833,-2.943161,nexus4,null
-1.8387219534,0.4359487866,9.2613394457,1.5782915257,1.6329978979,3.3953423498,2.1643584,8.896853,19.488802,-10.783484,-5.6215854,-1.8004397,-0.0691530851,-0.0169693893,0.4399072674,0.2672595687,0.4565934431,0.7832699514,1.2571607,3.0552425,4.0036106,-1.1808025,-1.7220291,-3.2592716,s3,stairsdown
-1.5666843455,-0.547256435,9.8274802557,1.1734535547,1.4892620908,1.4687180014,2.6289978,6.177643,17.093872,-7.1672516,-3.5402222,2.1770782,0.0317492239,-0.0393608005,-0.2212920381,0.8072949842,0.3819700271,0.3107130747,2.4337769,1.7160339,1.0387726,-2.8790283,-1.5716248,-1.2897186,nexus4,bike
-6.4095967688,1.1798494065,7.3831356647,2.671883344,1.7028366248,2.3046113704,-0.9094238,10.168335,16.340485,-17.31018,-5.7027893,2.342514,-0.284392123,0.0104097648,0.3107890455,0.7034022439,0.5244838669,0.6825613209,2.3117065,1.9553375,3.4974976,-2.9978943,-1.9881439,-3.1256104,nexus4,stairsup
9.1548551771,0.9736725268,3.5432874516,0.2496570895,0.3300831939,0.5050786153,10.419566,4.596867,9.14585,6.6750345,-2.0015526,-0.30645782,0.006155573,-0.006895133,0.0140283239,0.0231644865,0.0655953456,0.0493810489,0.301462,1.5632042,0.9300423,-0.39675698,-0.945314,-0.72509706,s3,sit
1.3068828126,-0.1762570027,9.3352031648,0.9350883321,1.8079376389,1.6615072662,6.0716953,5.813122,18.23424,-3.265691,-7.967903,2.0494366,0.0081687546,-0.00094389,-0.0025372128,0.8872796026,0.4958061623,0.2839463891,2.303573,2.1099286,1.59558,-2.4123068,-2.4996605,-1.529912,s3,bike
-4.6947400324,-0.4549372529,8.4031515998,2.2544765031,1.7460234439,2.4297184834,2.135628,6.167464,19.009962,-15.006856,-10.237606,1.9249382,0.2135626514,-0.0208990308,-0.4214073444,0.595767254,0.5215305086,0.6982452248,1.752267,2.1389446,1.8374827,-1.5317446,-1.8738291,-3.4092388,s3,stairsup
-3.707343636,-0.3105825581,9.3987156998,2.8368335629,2.1722986665,3.2868656887,13.30632,9.613266,29.691788,-17.67183,-10.045776,-0.14616394,-0.1999702985,-0.0468479002,0.5110641,0.392677473,0.8586344826,0.8529350225,1.0921478,7.2322235,4.0988464,-2.0457306,-4.026779,-1.8825989,nexus4,stairsdown
-1.230030818,-0.0212659032,9.3865883868,0.1845965849,0.1459832277,0.0599022344,-0.58897364,1.30484,10.068815,-2.327164,-1.5358804,8.819042,-0.0117045963,-0.0098566176,-0.009770291,0.0301806685,0.0410677478,0.0787973191,1.5673221,1.6756488,1.6375881,-1.7254206,-1.6688174,-1.8110573,s3mini,stand
-4.4405222463,-0.6296512021,8.8975584963,2.6361813787,1.722025325,2.4115410119,6.56987,6.078415,21.901031,-18.673965,-10.533752,2.3938904,0.2036996143,-0.0135010186,-0.4260254656,0.6003431802,0.5421554764,0.7013957353,1.7653046,3.074051,1.6774292,-1.5629425,-1.9322052,-3.478363,nexus4,stairsup
-2.5097530617,-0.4011294818,9.6652019747,0.2694017442,0.191764486,0.2925393944,-0.56188965,0.8035126,11.901093,-3.5229034,-1.5180969,7.909012,0.0002101933,0.0003528065,-0.0007501927,0.0088016979,0.0345113912,0.0324662112,0.13591003,0.44436646,0.38502502,-0.13679504,-0.4849701,-0.2244873,nexus4,stand
-6.4332661632,0.3821114542,7.2172738414,2.0717392476,1.5836711809,2.5394595131,4.1371803,12.631808,19.431341,-18.962078,-7.6710224,-5.2863975,-0.2430408879,-0.0135823401,0.3059145434,0.4845503843,0.6727805765,0.6044732668,3.4443636,8.99102,2.591596,-2.2666154,-2.999043,-3.0631838,s3,stairsup
-4.2137338812,0.5326478009,8.8547033787,1.2443696438,1.4139159046,0.7282044491,-0.23918152,6.268097,17.13533,-8.940796,-3.539032,5.1751556,0.0645272421,-0.030475637,-0.1442839715,0.3511423973,0.3253831524,0.4423969955,1.0985107,1.1506042,1.5228424,-1.0291748,-1.0849609,-1.5506744,nexus4,bike
-3.3188981585,-0.2885642615,9.4509244169,2.2718960346,1.5930168876,2.4788632555,3.7467499,5.3500214,17.71753,-16.117615,-7.0500793,3.3018036,0.0068423166,0.0002374383,-0.016990138,0.2724928941,0.3254831739,0.4373810818,1.3807831,1.0894928,1.8088074,-1.1207428,-1.3233795,-2.9854584,nexus4,walk
4.7803812323,0.6152869792,8.1729193293,0.0589835501,0.0914479814,0.0331998858,4.996699,2.303222,9.615114,3.1136594,0.10055647,7.878121,-0.0126464937,-0.0104433897,-0.009518637,0.033798757,0.032931961,0.0246853894,1.5765933,1.7068782,1.7303002,-3.2258923,-1.557075,-1.8464342,s3mini,sit
-4.6134762109,1.1175838346,8.7593235881,0.3091236811,0.3850677058,0.2973010046,-2.7230988,3.0986328,9.884918,-6.1807556,0.2584076,7.4829254,-0.0001557597,-0.000652684,-0.0007058934,0.0636721727,0.0486150013,0.0996783196,0.42042542,0.42703247,0.7403412,-0.41392517,-0.41036987,-0.59373474,nexus4,stand
-2.8416111072,-0.9721436003,9.210627994,0.2411674742,0.262687496,0.1950858669,-1.4939818,2.9975405,14.920665,-4.654328,-2.7581203,5.1810527,0.0027852718,0.0002813876,-0.0002201781,0.0741501579,0.0583536399,0.2738849945,0.43493605,1.2287555,1.5219707,-0.75228053,-1.9850066,-1.4709635,s3,stand
-3.6553599428,1.1366082425,9.0781793835,1.4486940139,1.8179235086,1.5401595816,0.42596436,9.622787,16.43689,-10.349976,-6.2721405,5.015671,-0.1371404092,0.0223246924,0.3361127476,0.6249372128,0.3509568187,0.5572316691,1.2940979,1.4454651,2.6142426,-1.6052856,-1.2447815,-1.0728912,nexus4,stairsup
-1.9716874595,-0.2563341928,9.4093801513,2.0744063852,2.1001813852,2.9183589272,3.6487634,6.981492,16.941372,-14.968549,-8.293514,2.4516625,0.0103527376,-0.0064404716,-0.0023176491,0.3851176377,0.3426354112,0.475972484,1.3029755,1.2147056,1.8484782,-1.7534887,-1.2696834,-3.220787,s3,walk
-0.7371309308,-1.544313327,9.8786370729,0.1487106528,0.1842035033,0.2113534749,0.27616882,0.96061707,11.930847,-2.9087677,-3.2010193,8.050644,-0.0002248251,0.0006121669,-0.0001283605,0.0298226668,0.04115325,0.2169152756,0.4544983,0.5290222,1.0101471,-0.33377075,-0.55944824,-0.964798,nexus4,sit
-0.8928102084,0.1182697835,9.4350278189,2.0296524869,1.3246388099,2.0339283783,5.4300494,7.4603324,19.488802,-12.220005,-7.144298,1.13964,0.009662843,-0.0036787405,-0.0342990812,0.2270087194,0.2795558571,0.4936894787,1.4633276,2.5192082,2.8619037,-1.207986,-1.5216653,-2.4941628,s3,null
-5.9902858248,0.5009609222,7.8937495319,0.1816217837,0.3222395619,0.2377064808,-5.3450775,2.375,8.662598,-7.0448303,-0.98890686,6.8104706,-0.001126595,0.0004127326,0.000713824,0.0270819925,0.0226023179,0.0359338889,0.6321869,0.3576355,0.44873047,-0.16963196,-0.15550232,-0.607193,nexus4,stand
-1.1802911923,0.6166890816,9.8369321991,1.0783489016,1.1644286431,1.3395514401,5.7651367,5.6594696,22.228333,-7.6861725,-4.706604,0.43940735,0.0001714167,-0.0019743311,-0.0020879005,0.4719225005,0.4233693309,0.2238492107,1.5832977,2.1018066,0.8605957,-1.3732452,-2.010437,-1.2713623,nexus4,bike
-5.9152116065,0.409824056,7.6722390728,2.368132493,2.0802791148,3.5910263067,0.59376204,10.04607,19.306843,-17.745823,-10.1226845,-0.6512229,0.2758967986,-0.0663959375,-0.3661533866,0.5942173186,0.8419334036,0.8254485689,2.7171285,4.8499646,2.8689287,-2.1633792,-2.8539624,-3.157257,s3,stairsdown
7.3551506436,-0.3906264242,6.1002940775,0.1744813169,0.1662595453,0.1612949525,8.985439,0.91338795,7.27957,5.485116,-1.0163386,4.7907977,-0.0139038751,-0.0115251066,-0.0075694543,0.0152776997,0.0394149778,0.0361075644,0.28106397,1.6302687,2.2770574,-0.31619698,-0.6897291,-0.5767667,s3mini,sit
-1.3496527504,1.5003687527,9.3469824468,0.4155254173,0.7710415087,0.2242368834,-0.10534488,4.0797195,11.626244,-3.7828386,-1.4269443,7.07726,0.0051931444,-0.0062811449,0.0119694408,0.0414798112,0.0622566699,0.1132371818,0.46944994,0.49602258,1.3799446,-0.6948592,-0.63804877,-0.7910705,s3,stand
-1.5181856643,0.0951348057,9.3463974367,1.9791457426,1.2505091959,2.7704816175,3.7062242,6.349423,19.258959,-12.679692,-6.14831,2.6431987,0.0184277873,-0.0126603441,-0.0032221679,0.2938223126,0.2630793962,0.4430401481,1.890017,1.5717562,2.1303926,-1.9104811,-1.1539245,-3.3166928,s3,walk
5.1715258047,0.86022358,8.0591242399,0.0818943794,0.056571556,0.1596859569,5.449203,1.2258313,8.580819,4.759673,0.37349546,7.5848308,0.0038975323,0.0017367316,-0.0028568407,0.0062198407,0.0137641185,0.0081499388,0.103847094,0.15790866,0.093767814,-0.063224554,-0.13622294,-0.1301143,s3,sit
3.9214810308,-0.3364544738,9.2623959103,0.1295215199,0.2569163518,0.2610012711,4.69635,1.9286804,10.208649,0.57133484,-2.2857666,8.398178,0.000343701,-0.0003507628,0.0013620841,0.0114853794,0.0109256226,0.02802637,0.42765808,0.22102356,0.72203064,-0.19291687,-0.27030945,-0.19761658,nexus4,sit
8.7865000263,0.5412989178,3.9408295088,0.2668801736,0.2993891494,0.4472122716,10.116699,3.371036,7.825448,-3.13401,-2.0482395,1.2904748,-0.0170291211,-0.0128235863,-0.0074467617,0.0251876668,0.0579124246,0.0485226998,1.4341094,1.4294739,1.6451515,-1.1710999,-1.6492991,-1.7163934,s3mini,sit
4.4373456789,1.4685097184,8.4542119102,0.1310309907,0.2116955899,0.1786579942,5.1235914,2.3080103,9.80665,3.3614593,0.61291564,7.28795,0.003911381,0.0038126257,-0.0041248143,0.0117903425,0.0176139312,0.0184135172,0.14844026,0.33567044,0.29443705,-0.28710666,-0.27977628,-0.21288654,s3,sit
-1.0473237355,1.2648485842,9.821300414,0.4383804088,0.7416187875,0.3009989219,2.2636108,3.557602,12.27243,-4.3298492,-1.2669678,7.3567657,-0.0002340143,0.0006638342,0.0009746221,0.0340437192,0.0593685063,0.1088000839,0.4558258,0.5121002,1.3856354,-0.41897583,-0.73332214,-0.8125458,nexus4,stand
-5.4360089085,-0.1481775192,8.0798589651,2.0918310244,1.576773277,2.3213012045,-1.091756,6.2632318,15.974113,-17.219099,-7.575254,2.4516625,-0.0050017694,-0.0071768975,0.0136174653,0.3356968245,0.4831771047,0.5177110839,1.5845845,2.1627684,3.1557298,-2.175902,-1.9049833,-2.2626448,s3,walk
-0.6325999466,-0.1982743281,9.8443651476,2.1984204848,1.3015992603,2.1432639716,5.708008,6.3502197,26.651062,-20.139252,-6.6727905,1.0702057,0.0013484912,0.000215918,-0.0460009544,0.2379460439,0.2983534448,0.4752339821,1.4604645,2.6305237,2.4563599,-1.2333221,-1.4699707,-2.5274658,nexus4,null
-2.0508360143,-0.9115206464,9.7562807461,1.0422412133,1.4049066303,1.1402207255,2.0590668,2.6296997,14.504028,-5.63208,-4.4888,5.625046,0.051198532,-0.0148819339,-0.2237580613,0.6980007498,0.6555663517,0.4303668203,1.4862518,1.6220703,1.0703888,-1.4062042,-2.0212708,-1.546341,nexus4,bike
-3.0443198512,0.2754343243,9.041842277,2.9810211406,2.1188096372,4.4457895643,16.754623,14.403518,19.612701,-19.612701,-13.344083,-1.0869676,-0.1542320922,-0.042965079,0.4695494686,0.4834930022,1.2877432454,0.7500677943,2.5895948,7.9298105,4.0481024,-2.4500387,-7.9920254,-1.8576573,s3mini,stairsdown
-2.5919192992,0.0150934048,8.9792445177,3.0530090397,2.3245194718,4.514369354,9.816227,11.616667,19.488802,-18.416199,-12.947843,-1.685518,-0.1171211986,-0.0497836695,0.5455077441,0.5419942045,1.5092315041,0.8137825747,2.8432722,9.992839,3.6270125,-3.1019738,-4.3514986,-3.0445523,s3,stairsdown
-5.5982820829,0.8384536133,7.7055805326,1.6224968738,1.7850280282,1.8789890002,1.8674773,8.954314,17.152061,-13.196839,-8.00621,1.7621324,-0.0369907252,-0.0100905801,0.0721170592,0.4583723592,0.5262113551,0.4607576413,1.7107282,2.8481593,2.941927,-2.515543,-2.5784621,-2.4220808,s3,null
-1.8334520845,0.0967189112,9.3217649648,0.1532545637,0.1780754996,0.088148137,-0.81402856,1.685518,9.998186,-2.767697,-1.1109096,8.312668,0.0103023694,-0.0112045677,0.0112740331,0.0186777661,0.0332771114,0.0626887594,0.24709499,0.2941316,0.47800204,-0.22021692,-0.30848694,-0.53878313,s3,stand
-6.263126442,1.0301604308,7.0064234823,2.6253384912,2.4293537098,2.1979746272,0.320823,11.446678,16.82645,-17.319654,-9.436746,0.9528923,-0.2654208971,-0.0139553556,0.3173731434,0.8481103875,0.8552100506,0.617440882,2.2665663,4.7312436,5.4709888,-3.7748456,-3.325192,-2.1609235,s3mini,stairsup
-1.4856399374,0.1983541385,9.9156242796,1.9069310881,1.5067369159,3.5142595594,4.447769,7.850601,26.235687,-15.8710785,-6.0824585,-0.29255676,-0.0919503952,-0.0027523141,0.4583355108,0.2669156121,0.4752689252,0.799042115,1.3515167,3.2927551,4.07135,-1.205368,-1.8288574,-3.3232117,nexus4,stairsdown
1.2685657357,-0.676058644,9.7456247843,1.0645988054,1.7664679319,1.5976841779,10.298721,5.4254456,21.329742,-5.4283905,-8.825836,2.0425873,0.0009276989,0.0093657877,-0.0186820447,0.9183791303,0.5073071234,0.3010781027,2.4407349,1.9724579,1.648346,-2.452301,-2.481247,-1.5816345,nexus4,bike
-3.2139917669,0.649403014,9.0433334816,2.1280361769,2.115167621,3.4638270421,3.821146,12.813767,19.469648,-18.109741,-10.333375,0.23942018,-0.1381512914,-0.0105476061,0.4506070031,0.5404253655,0.7114288289,0.8768262361,2.7861564,4.7342057,3.7956111,-3.4898732,-2.905886,-2.486527,s3,stairsdown
-1.1733804217,0.2016007216,9.1932512969,2.1948742752,1.2252168755,1.9373532814,5.0517654,5.269638,19.612701,-13.237541,-5.3594203,0.688333,-0.0074597659,-0.0129611715,-0.0614424236,0.2087858844,0.2465448495,0.4421647674,3.2136934,1.6749169,2.4058785,-1.6492991,-2.1379893,-2.5605612,s3mini,null
3.4462210451,-0.698894844,8.3353335624,2.76967259,1.460324175,0.7045279363,8.746018,3.942053,14.978126,-7.4208283,-6.730101,4.9200845,-0.0583199167,0.0072420189,-0.1418548932,0.3215961095,0.2936047823,0.3854325922,1.59172,1.8095934,1.3936089,-3.1805122,-1.9557369,-2.3097508,s3mini,bike
0.3753223823,-0.6390267351,10.0498966573,0.0774270462,0.1113685872,0.2133302475,0.80682373,-0.06413269,10.551422,-0.44882202,-1.0563049,9.537186,-0.0002312503,-0.0002601681,0.0006439398,0.0048842757,0.0104714208,0.0173745619,0.03768921,0.08432007,0.22741699,-0.14326477,-0.28153992,-0.35876465,nexus4,sit
-4.9696036938,0.4641200097,8.1852910535,0.9841343164,0.8939595867,0.7978798338,-1.1779473,5.6215854,13.867216,-10.170568,-2.920926,3.4093432,0.1000116286,-0.0344265949,-0.1477432597,0.2058586092,0.2700991694,0.303595442,1.4731015,0.95539325,1.5787812,-0.806953,-1.2247849,-1.6756034,s3,bike
3.3355976263,0.1506401592,8.8468972951,0.0804451869,0.1248333791,0.0382389961,3.940856,2.6276364,9.49301,0.7469909,-1.127669,8.414422,-0.0176829214,-0.0129489405,-0.0058201065,0.0137738475,0.0122153853,0.0288176321,1.0913187,0.32522422,0.6370296,-0.20933412,-1.2357544,-0.1895718,s3mini,sit
1.5696499007,0.238883263,9.9677832189,0.1496207632,0.2852590116,0.2276352328,2.4125519,1.5878448,11.019165,0.8008728,-0.7539978,8.893295,-0.0012953596,-0.0002632429,-0.002324942,0.017267182,0.0154126417,0.0701841642,0.27622986,0.20306396,0.6064148,-0.20457458,-0.23913574,-0.6813202,nexus4,sit
7.8946581667,-0.410186996,6.2202624204,0.1926823449,0.3065231536,0.2981857912,9.685608,1.1581879,8.210327,6.0461884,-1.5085754,4.516983,-0.002650616,0.0024619754,-0.0006572244,0.0218843748,0.0464264246,0.0338985947,0.17765808,0.5405121,0.38101196,-0.41603088,-0.42321777,-0.68496704,nexus4,sit
-6.1773238673,0.4353413085,7.4345384647,2.7447853927,1.5760067537,2.9057458104,1.7525556,10.04607,18.971655,-16.376339,-8.7532015,-0.25857377,0.2372251801,-0.0548583603,-0.2927923194,0.5623653824,0.5211112352,0.7219351234,2.713769,5.099198,4.535369,-2.8704557,-2.413834,-3.9843686,s3,stairsdown
-1.6971628482,0.2526596261,9.2953792604,1.1912819684,1.4013814623,2.6069148904,2.8562827,8.880095,19.612701,-8.192958,-4.509479,4.1742907,-0.0740008928,-0.0130854006,0.3201804725,0.1947174042,0.1925518459,0.6532527677,1.3618916,1.0208088,3.7211702,-1.5765933,-1.5614666,-2.3414679,s3mini,stairsdown
-2.3646355025,0.3851880459,9.1529156954,0.1435586093,0.1636497491,0.0709954279,-1.3491327,1.9321208,10.205285,-3.3423057,-0.59615624,8.404845,-0.0138041507,-0.0109949446,-0.007852443,0.0233338505,0.0339206047,0.0711962771,1.509743,1.4670466,1.3257828,-0.22397287,-1.5482917,-1.3431053,s3mini,stand
-1.8090301557,-0.5315289364,9.8900077273,2.2991189477,2.1312533577,2.9354391229,4.4368896,7.20076,20.259766,-19.491623,-8.674683,3.041153,0.0015419999,0.0038317202,-0.0161627888,0.3929028282,0.3497834019,0.4847739723,1.3630066,1.2603607,1.8288574,-1.7655029,-1.242569,-3.254303,nexus4,walk
-2.0501702501,0.4584746163,8.9757069636,2.4513273327,1.3673000129,2.1146382633,7.475895,7.4016747,19.612701,-13.6649065,-6.0238113,-1.5334862,-0.0234710783,-0.0137073749,-0.002363792,0.290066826,0.2867565676,0.5645988519,1.8147169,3.2981102,2.702801,-2.3890438,-2.365378,-3.0609624,s3mini,null
-3.9848744529,-0.0857662166,8.8474359483,2.1623311362,2.2747498003,3.4236047777,2.4037786,9.241618,19.440918,-13.704411,-9.078813,-0.038307227,-0.1888296612,-0.0508689075,0.521624931,0.39428308,0.8142699061,0.8556382311,1.073901,6.901861,4.05248,-1.7794504,-3.878078,-1.8420641,s3,stairsdown
-2.8946385672,0.7949265844,9.1391787645,1.975006934,1.9701617851,3.1324636297,2.5953147,10.888829,18.875887,-14.767436,-9.835381,1.6089035,0.0075150755,-0.0085702774,0.0166061879,0.550814963,0.4796567894,0.484312238,2.175291,1.9428569,2.4788911,-2.477975,-1.7864754,-2.2944098,s3,walk
-6.6435650837,1.3633977964,6.8469746487,2.5212610925,1.7889281277,2.3361299064,-1.733402,9.797073,16.64449,-16.25184,-5.2863975,1.2066777,-0.2690650674,0.0015072585,0.3176161043,0.6933932312,0.5054434472,0.6726685632,2.3225098,1.9013181,3.4837644,-2.9810224,-1.9504927,-3.0677652,s3,stairsup
-2.6892352381,-0.1304083866,9.6031342632,0.2532373273,0.2094596628,0.2781552902,-1.3200378,0.77375793,11.088196,-3.6621552,-2.1358032,8.643356,0.00085536,0.0003943079,-0.0008970069,0.0137827656,0.023983068,0.0257811501,0.3824463,0.3093109,0.18571472,-0.12063599,-0.3368988,-0.8396759,nexus4,stand
4.0958372208,-0.1087229478,7.2667727913,5.4134894414,1.5403345448,2.8585388636,19.133263,9.030929,19.612701,-19.6133,-13.831304,-1.769315,-0.1351957341,0.011763074,-0.2776508541,0.5104229217,0.5732939688,0.6573843902,1.9840385,6.3488255,2.4763885,-2.3187778,-7.991781,-2.9201865,s3mini,stairsdown
-5.195476178,-0.2915629663,8.4983386579,2.3542505491,1.4583780516,2.1966055384,0.68185425,5.9753113,17.472351,-22.399414,-6.4185333,3.2125397,-0.0148639482,-0.0044002095,0.0169496721,0.3335789082,0.4981122042,0.5140948483,1.5130005,2.2059631,3.1864166,-2.1934204,-1.9522095,-2.280716,nexus4,walk
-0.3575644128,0.3099379991,9.4599857871,0.0847616703,0.0416818843,0.03136005,6.8605847,0.7074866,9.736021,-0.80445176,-0.089782566,9.180567,-0.0126885762,-0.0097874188,-0.007081767,0.0046029778,0.0084729261,0.0181099781,0.30302212,0.06392254,0.32107657,-0.05172358,-0.25081056,-0.33888704,s3mini,sit
-4.1984514968,1.5167288063,8.2735435584,1.4273130445,1.9479123527,1.5071000755,-0.51355624,10.241198,14.85243,-10.357317,-5.5748987,4.5872903,-0.1441587992,0.0159079493,0.2873946799,0.5734080686,0.3110432458,0.506344429,1.7400594,1.4899807,3.0258296,-2.3812366,-1.2208717,-1.5014477,s3mini,stairsup
-2.1845714318,-0.3453520287,9.6554786262,2.3302561194,1.7420823021,2.1959087205,15.424683,14.035248,28.860046,-27.681458,-11.469238,0.010940552,0.0113064719,-7.767962498E-05,-0.0453697013,0.3729308102,0.455176504,0.5025886468,2.08078,7.9838104,2.6021729,-2.0628967,-3.217514,-2.8708496,nexus4,null
0.7615880584,1.1697014288,9.3791691572,0.1882741197,0.2297868556,0.0803983169,1.4951789,2.8060043,11.250354,-1.5861586,-1.1073183,7.8637557,-0.0113983148,-0.0095405804,-0.0049177043,0.0248240968,0.0303021225,0.2002611342,0.2561781,0.22494878,1.2306309,-1.6751609,-0.30399802,-0.9046747,s3mini,sit
1.6146783743,0.3104746563,9.3160222985,0.1643190973,0.2613966238,0.0708305451,2.456451,1.5861586,9.93474,0.94930094,-0.545878,8.706514,-0.0138276207,-0.0104351845,-0.0118161224,0.0164162715,0.013901479,0.0625316624,0.22446083,0.16907756,1.5646384,-0.18932782,-0.22568072,-0.6272704,s3mini,sit
-5.7921707563,0.5756004396,7.7687108285,1.9976471418,2.2271765206,2.9967465673,-0.51714754,9.634268,19.009962,-12.947843,-7.7189064,1.1971009,-0.0026389342,-0.0006764899,0.0307018316,0.5689593837,0.7945180075,0.5524885693,1.7849482,2.7021625,3.107166,-2.6193902,-2.409558,-2.01555,s3,walk
-5.2000050131,-0.1083720978,7.9331292918,2.3331141307,1.653941623,2.2285319405,1.2497733,5.9783216,18.416199,-16.643293,-7.9786773,2.4839842,0.1932352298,-0.0399274001,-0.3903235502,0.5528942308,0.4681672901,0.6308624264,2.2363129,2.3668418,1.7278603,-1.9001096,-3.2473626,-4.267927,s3mini,stairsup
-6.3333442199,-0.0896935766,7.4011836624,2.6330824142,1.5804435441,3.0277593809,1.3024458,11.042058,19.297266,-18.272547,-8.437167,-2.1164744,0.2260339589,-0.0244228856,-0.2774020755,0.507978987,0.6719615158,0.6994060125,2.0616703,9.986425,2.715296,-2.2699752,-3.143207,-2.8600712,s3,stairsdown
-6.0871878617,-0.2563872673,7.8606433608,2.9226275068,1.4747799223,2.8561212349,8.614441,8.458038,38.068512,-27.493408,-9.339996,-1.2873535,0.2124299525,-0.023879639,-0.2735087548,0.5273950087,0.6941494061,0.7168986469,2.064087,10.530853,2.752243,-2.236145,-3.2467651,-2.7779388,nexus4,stairsdown
-6.200455247,0.5280281542,7.3863851894,0.1999903284,0.4524730605,0.1838120751,-5.6120086,2.7389667,8.169016,-7.086837,-1.1971009,6.3302693,0.003972128,-0.0029495201,0.0090820284,0.0255698113,0.0239076747,0.034044601,0.6267477,0.34605515,0.45234573,-0.15974127,-0.1554652,-0.59131753,s3,stand
-5.6410858408,0.0609251807,8.2154502029,2.3850803212,1.5761229717,2.7518671765,0.9474335,13.98645,18.409027,-19.14885,-9.225739,2.8747253,-0.0031871406,-0.0061798561,0.0034159232,0.523074841,0.7710142595,0.5794565827,2.2091675,2.7822266,3.0969543,-3.3424225,-3.163971,-3.3862305,nexus4,walk
-3.3741019233,1.4001752934,8.9703896447,1.8565421691,1.7531882184,2.2745362719,0.7469909,8.169016,16.682798,-11.291056,-5.602432,3.2752678,-0.0018657408,0.0022268327,0.0155449241,0.4586853959,0.5090218567,0.5353391115,1.31672,1.7699821,3.186273,-1.3952162,-2.0781636,-2.1887302,s3,walk
-3.9045110647,1.4851062554,8.5876498866,1.4005033243,1.8381204804,1.5697331617,-0.2777274,9.576807,15.294161,-9.710882,-5.1523223,4.280833,-0.115162734,0.0247937507,0.3084595874,0.6214528639,0.3434653328,0.5381385251,1.2950343,1.4312572,2.5857925,-1.5861117,-1.1933253,-1.0555751,s3,stairsup
-4.2074409692,0.1718920804,7.9656470029,3.3852196718,1.3067667383,2.0557515137,1.0726024,7.469909,19.498379,-16.261417,-8.66701,-1.1875241,-0.0206834862,-0.0077990172,0.0445470257,0.3685643906,0.4141519305,0.4094704892,1.9840903,7.3914695,2.1749856,-2.003638,-3.6664133,-1.8289305,s3,null
-2.5975655897,-0.041652848,9.1462518035,2.1187972139,1.8696868133,2.811767999,2.7868507,7.5333557,17.007212,-18.201918,-6.3721676,2.823961,-0.0163079977,-0.0108473485,-0.019043826,0.351664048,0.3013689938,0.4308381144,1.4570435,1.3548163,2.3221936,-1.8508259,-1.3550602,-2.9592233,s3mini,walk
4.8999032997,-0.5205770727,7.0870206493,4.5115430477,1.7388303722,2.4229433131,19.354727,9.645041,19.612701,-19.6133,-11.3880205,-2.255338,0.1751429744,-0.0101306228,0.2608344013,0.4529750757,0.5738009967,0.5615308985,2.0181956,2.666448,2.5893507,-2.2890124,-7.433313,-2.3021874,s3mini,stairsup
-5.8756143342,0.2105522141,7.6862986176,2.2835884205,1.6439416547,3.1076723365,1.0247183,8.149862,18.789696,-14.901511,-6.1866174,1.4939818,0.0135037684,-0.0105027243,0.0008858894,0.5127423998,0.7488883661,0.5639841784,2.223855,2.763249,3.0870075,-3.189022,-3.0720413,-3.329521,s3,walk
-0.9042555598,-1.318356909,9.4973167622,0.1475827823,0.1931891668,0.1440323944,-0.20111294,1.0726024,11.358093,-3.3806129,-3.0550013,8.1881695,0.0038413236,0.0009922957,-0.0018490824,0.0284149097,0.0383054068,0.2101656963,0.45204028,0.54367006,0.9993755,-0.3210097,-0.56199604,-0.97341377,s3,sit
-3.2889854122,-0.086310902,8.8815342977,1.5692139724,1.4237020095,1.8026453401,1.1204864,5.056554,15.98369,-10.151415,-7.019799,1.3311762,0.1310962721,-0.0262970075,-0.3818165603,0.389768942,0.2618649553,0.6725666531,1.3655893,1.1768318,1.3289373,-0.8188649,-1.3478742,-3.506061,s3,stairsup
-4.7203108328,1.5965920572,8.1319235465,0.2705308277,0.3951260577,0.2180872762,-3.0131028,3.5098996,8.979453,-5.9160724,0.78170687,7.1023993,-0.012835893,-0.0098133917,-0.0060016866,0.0584939261,0.0481338672,0.0937115743,1.2935774,0.5184557,1.5783012,-1.1691481,-1.4819294,-1.3967807,s3mini,stand
4.7229670752,-0.6574476801,8.1170894939,1.4997985041,0.8927508373,0.7853646464,13.200431,9.868899,12.034455,-19.6133,-7.0664864,3.4512417,-0.0904933963,0.0155338469,-0.149966221,0.1894759328,0.2549076116,0.2800084801,1.2389262,2.037714,1.6336844,-1.4145912,-1.2362424,-2.0042887,s3mini,bike
-2.8849011951,-0.3575147869,9.0510626548,2.5370445792,2.6237563459,3.1633321401,4.855441,10.879252,19.498379,-16.347609,-13.618219,-2.7102363,0.1273382319,-0.0109179966,-0.4090383927,0.9254467145,0.6675196805,0.7819582897,2.4550674,7.0215907,2.3185391,-2.860682,-2.7974575,-3.3206635,s3,stairsup
-0.9921493385,-0.2461810604,9.9335026038,1.2965669723,1.4127443432,2.6947674033,4.407303,7.6851654,22.59967,-8.324112,-5.3397827,1.9866486,-0.0455313986,-0.0122717377,0.3255824068,0.1961004371,0.225850608,0.7154626187,0.8025055,1.179245,2.6293945,-0.9096832,-1.3022766,-2.563507,nexus4,stairsdown
5.3400999089,0.4623254108,8.4698502737,0.0981929048,0.235673418,0.2341533077,5.6925354,1.062973,9.120819,4.632248,-0.074401855,7.8947296,-0.0001635583,0.0004616956,7.58114485855E-05,0.0048138368,0.0091779142,0.0067922929,0.09840393,0.15148926,0.09667969,-0.06072998,-0.12385559,-0.11694336,nexus4,sit
-3.6986562087,0.9115582354,8.7488292905,2.1998382887,1.7619975942,3.1241510209,3.5553896,10.955867,19.612701,-19.612701,-7.716512,1.0139444,-0.1786924205,-0.0036940567,0.4008923725,0.499477949,0.6102030674,0.8127846537,2.6832829,5.8823376,4.5116625,-2.9214065,-2.4834638,-4.214252,s3mini,stairsdown
-5.2743516765,-0.3990026535,8.2571924912,2.3921563216,1.4105464508,1.9543101481,0.18571472,6.525177,21.804428,-24.208496,-12.5646515,-0.8674164,-0.0015276748,-0.0037300581,0.0047296566,0.4096523361,0.4985428686,0.5606303122,4.0519104,8.500366,2.5824127,-2.2211304,-3.004364,-2.5092926,nexus4,null
-3.3875809867,0.017864911,8.8653936103,0.2496973428,0.1002704822,0.1265300493,-1.4772224,1.0522517,10.626664,-4.313154,-0.9540894,7.630321,-0.0175395288,-0.0124571013,-0.007700461,0.0169149338,0.0339393831,0.0338815103,1.6375881,1.4119074,1.4485042,-0.15175503,-0.43379495,-1.7964185,s3mini,stand
-2.8809964992,0.6543338395,8.9369658848,2.5162340126,1.7848365627,2.8137405548,10.1226845,11.310209,19.297266,-15.08347,-9.040505,0.33518824,0.0016299779,-0.0098861152,0.0314620256,0.5270583127,0.5129188011,0.6725318333,2.7488935,3.4367278,2.3958135,-3.4058793,-2.207667,-2.9208522,s3,null
-1.9642435971,0.9985245599,9.1072987325,1.1371564575,1.23657649,1.1861562111,2.7341783,6.655881,19.612701,-7.9451585,-4.654328,1.2725182,-0.005293608,-0.0186489068,-0.0203367002,0.4198916738,0.3830661812,0.2212635506,1.6009912,2.6881623,1.5751294,-1.9645202,-2.1938605,-2.2553434,s3mini,bike
-2.3220110352,-0.3066714825,9.9361966423,4.6876298015,2.5658897588,5.0564518198,27.92894,12.934326,38.24327,-33.627457,-22.495117,-0.621048,-0.1235463809,-0.0415528226,0.5265385133,0.5350291127,1.5105224904,0.8191392101,2.977539,14.347641,3.6948547,-2.7358093,-4.537369,-1.8886261,nexus4,stairsdown
-5.601146058,1.2169478494,7.5544418252,1.8075527797,1.8333951909,1.7184316768,1.8746599,9.677363,14.539987,-14.969747,-8.676587,2.907758,-0.05097237,-0.0105557368,0.0444492899,0.4283373033,0.5032049528,0.4235831158,1.5302373,2.5952063,2.6388786,-2.8008807,-2.3687937,-2.2492437,s3mini,null
-1.2909668708,0.0787090343,9.7308852527,2.4676288682,1.4559548554,2.3107280796,8.0979,8.2695465,31.352097,-15.2617035,-7.0683746,-0.73768616,-0.0091299594,0.0019501295,0.0021966604,0.3005984722,0.3682753099,0.6372927781,1.492691,5.0658264,3.0513,-1.6336823,-2.6107178,-3.4065247,nexus4,null
-2.3370079456,1.1825052106,8.7033954566,2.9381028142,1.3303750903,1.3128278446,5.1116204,7.920019,19.612701,-13.939042,-7.4615297,-1.1707647,-0.0222138263,-0.0126510076,0.0116302529,0.3025878172,0.3675230133,0.4118144855,1.5180383,5.346559,2.5803235,-3.2995741,-5.937233,-2.680599,s3mini,null
-2.977684176,-0.248750195,9.5070274914,1.7058812904,1.3118972041,1.8281940487,2.1921997,4.6775665,16.873688,-14.125076,-6.772766,1.8618774,0.1172839881,-0.0111381023,-0.4285760431,0.4060701405,0.2708032046,0.7028937335,1.3420868,1.1525421,1.3255005,-0.9342499,-1.3717041,-3.582489,nexus4,stairsup
-3.5175526717,0.3369786531,8.7920266883,0.227263611,0.097093472,0.0919683402,-2.4492683,1.0163386,9.77792,-4.31914,-1.3682863,8.300697,-0.0153613037,-0.0114034637,-0.008487042,0.0129817441,0.023110414,0.0237398739,0.32254043,0.2669132,0.37133628,-0.12930895,-1.4885168,-0.7653626,s3mini,stand
-5.9137704446,0.8090310217,7.5479206869,2.6191958363,2.0028380112,3.0292024156,2.2278047,12.071565,19.612701,-18.195932,-9.300277,1.3479356,0.2082978751,-0.0765858824,-0.3349145872,0.5367552735,0.7625803539,0.7519569105,2.7530608,4.1993694,2.586911,-2.9131112,-2.809908,-3.512568,s3mini,stairsdown
3.9879859858,1.6692203224,8.4708941944,0.1365250124,0.0670519877,0.0798772217,4.691438,2.1703439,9.376891,2.8526914,1.1552023,7.668628,-0.0110825968,-0.0092449066,-0.0077508779,0.015180723,0.0184017443,0.0232521641,0.72022647,1.836675,0.3874389,-1.7200531,-0.23568386,-1.8474102,s3mini,sit
-2.9079630457,0.092219677,9.1514192566,0.2407402106,0.1495149995,0.1543714256,-1.7812861,0.92895025,10.630256,-3.7349546,-2.0207062,8.178593,0.0050370843,-0.0027661712,0.0088273402,0.0168283814,0.0255929351,0.0281163633,0.38453966,0.30390546,0.20738874,-0.122478485,-0.3408628,-0.82711154,s3,stand
-4.4657518117,0.6265085218,8.4111523817,1.1281324324,1.4526113845,0.679448663,-0.46926352,6.397307,13.187263,-8.341399,-3.3901896,4.711789,0.0815024238,-0.0344726496,-0.130984029,0.3496621273,0.3016775714,0.4408280843,1.1496484,1.1154399,1.4553864,-1.0781772,-1.1230757,-1.5302174,s3,bike
9.1664312628,0.4379304669,4.0202029944,0.2520485437,0.3954480353,0.5496095851,11.231827,3.744461,8.992279,5.279709,-3.1272278,0.6310272,-0.0002541533,-8.42896499375E-05,-0.0016174619,0.0212462283,0.0668214022,0.0465314872,0.28971863,1.6385193,0.46551514,-0.392807,-0.9683075,-0.7548523,nexus4,sit
-5.9670483228,0.246716557,7.9873919448,2.8883898381,1.4427494159,2.7438742754,3.2824097,10.890778,23.507782,-20.907944,-8.5108795,-0.22709656,0.2385980422,-0.0569491624,-0.309007996,0.5618733074,0.5348353068,0.7236957517,2.7197266,5.2955017,4.597931,-2.893219,-2.4931946,-4.0476685,nexus4,stairsdown
-1.9116430614,-0.1614375981,9.1949104532,1.2145044988,1.7190856402,1.2046127655,2.3104045,19.612701,14.462175,-6.576872,-19.6133,4.501099,0.0144118791,-0.044561152,-0.2056284206,0.7182439718,0.353083211,0.2812437007,2.914575,1.8039819,1.4916886,-2.822351,-2.2282617,-1.2313628,s3mini,bike
-3.9304304085,0.0257996673,8.4980583432,2.0697516879,1.2404655257,1.5698814156,3.3854012,6.0285997,15.425841,-13.764266,-6.6079965,2.1404164,-0.022220568,-0.0067400046,0.0091724808,0.2862087653,0.2843800264,0.5569574268,1.2237995,1.3638434,3.0892642,-1.4477723,-2.4319842,-2.178246,s3mini,null
-1.2308893849,0.1211760286,9.5315159304,1.1462951198,1.457451906,2.6273625316,3.6583402,8.073248,19.412188,-6.895301,-5.3438582,4.175488,-0.0408733932,-0.0081627928,0.3340204915,0.1962380324,0.2194818026,0.706897525,0.8237518,1.180497,2.59465,-0.9086621,-1.219287,-2.4685066,s3,stairsdown
3.2028818349,0.4793486758,8.8618860203,0.1223429133,0.0362636976,0.0687777802,4.6339774,0.79846627,9.841366,2.6539726,0.18555063,7.3537903,-0.016283599,-0.0118357101,-0.0079940913,0.0037405915,0.0245204852,0.0115497791,0.13174875,0.2434912,1.5814729,-0.05562725,-1.4685105,-0.07197385,s3mini,sit
-0.899507725,-0.3676308772,9.9681984982,2.166410223,1.436248973,2.7470230635,6.684128,7.4642334,26.292816,-18.069351,-7.202423,2.4079742,0.0017262984,0.0008757825,-0.0165194936,0.2821284258,0.3836877176,0.3751821736,1.2897491,2.0548096,1.6082764,-2.121811,-1.8544922,-1.9496155,nexus4,walk
-1.1911423262,0.2801454644,9.7577933525,1.1478402553,1.8138437023,1.4151392997,4.360718,6.483078,23.131683,-9.961807,-4.623291,1.6785889,0.0056336532,0.0084093905,-0.016743724,0.9802232427,0.3812686788,0.3252155584,2.555191,2.1372528,1.0625916,-2.5450592,-1.8607025,-1.3182373,nexus4,bike
-4.0633824374,0.2825066166,8.6389126429,1.8545453644,2.0514925079,2.5992274196,1.1587936,10.04607,19.40261,-14.489709,-9.222465,1.4652514,0.1736019267,-0.0462926614,-0.3909573881,0.7542386074,0.5916026182,0.7670689705,2.1029036,2.7809641,2.40742,-1.9092593,-1.9611828,-3.8829648,s3,stairsup
4.5396831322,1.2224374738,8.8741041641,0.1320852714,0.3658839112,0.2334871091,5.440384,2.1412811,10.238403,3.2706757,0.10888672,7.6828766,-0.000296412,-6.09954361666E-05,-0.000008301,0.0116922689,0.0162532373,0.0183929526,0.14390564,0.33563232,0.29104614,-0.2940216,-0.28468323,-0.20484924,nexus4,sit
-5.5512677937,-0.2943247362,7.7766165716,2.2156157311,1.4569228719,2.0853983711,0.08619126,6.9144545,19.182344,-16.156073,-8.6574335,-0.9672575,0.0137091009,-0.0043731963,-0.0098531234,0.4155504927,0.4815370045,0.5743503556,3.9440515,8.409171,2.5665503,-2.1563544,-2.9190195,-3.1936035,s3,null
-3.3892558354,-0.094733256,8.7634760327,2.6034011312,2.5775235571,3.1273246862,8.948329,19.612701,19.612701,-19.264944,-11.283873,-12.211626,0.1254450164,-0.0291336899,-0.4346412446,0.8442267235,0.6191011679,0.7071890957,7.7395067,6.9026585,2.8596797,-3.4391303,-7.9920254,-4.413827,s3mini,stairsup
-3.4588507597,1.0251715092,8.8020824886,2.0843239883,1.7149444307,2.9272922791,1.7106571,9.01776,19.111715,-16.312893,-6.505046,2.4013844,-0.0195575409,-0.0130366603,-0.000086595,0.4923874415,0.4167834152,0.4511754444,1.9415861,1.7537222,2.1894689,-2.0396657,-1.9276793,-2.0874856,s3mini,walk
-6.0794002789,0.4652966482,7.7850933122,2.3821273889,2.2470613012,2.3422564365,1.6447144,10.7812805,19.828918,-17.522034,-8.843689,1.4964905,-0.3072339446,-0.0222223192,0.3942693567,0.9484180475,0.9602258721,0.7013435396,2.2221832,4.338806,3.1362762,-3.4398956,-3.2026062,-1.3702545,nexus4,stairsup
-2.9262685565,0.1638820436,8.8811263118,2.1819487611,1.5610323031,2.0118938524,6.4392056,9.929952,19.612701,-19.612701,-8.851364,1.7130513,-0.006446319,-0.0150358574,-0.0410250196,0.3353854984,0.4090378532,0.4512157156,1.7381076,6.564503,3.500369,-1.8254521,-3.150503,-2.702801,s3mini,null
-2.695298993,-0.6922153551,9.5526858026,3.0576745002,2.4851109995,3.2677686493,22.699265,12.067871,39.31801,-31.000717,-15.481796,-13.423874,0.1311433462,-0.0007796163,-0.4684455465,0.9253630948,0.686684026,0.8055437179,9.088684,14.099106,2.4190826,-4.128174,-5.791336,-5.2783813,nexus4,stairsup
-6.2896635645,0.659275679,7.23865086,2.2183750938,2.3387186156,2.7788577144,0.12449849,12.832921,18.856733,-17.353174,-8.6095495,-1.2449849,-0.2768996751,-0.0307872596,0.3840335167,0.9326993057,0.9341425274,0.6832892662,2.1826215,4.2650614,3.134655,-3.1068606,-3.1267138,-1.3164146,s3,stairsup
-5.3989080376,0.7275106111,8.2539178744,1.7876721194,1.7419207481,1.7427085697,3.0289001,7.9391174,19.039825,-19.077438,-8.57634,0.6655426,-0.0495737209,-0.004079201,0.0653489924,0.4740270452,0.5965462429,0.4803433598,1.6383972,6.3495483,2.9653778,-2.5144348,-3.9385376,-2.4543915,nexus4,null
-2.6834397529,-0.1928238754,9.2256723223,0.2564766132,0.1412899011,0.1923421936,-0.842759,1.0534488,11.683704,-3.466804,-1.283292,7.441179,0.0047718311,-0.006275849,0.0152015201,0.0157613107,0.0373078174,0.037607523,0.15607607,0.43279803,0.43890667,-0.14538592,-0.48838675,-0.27366763,s3,stand
-0.8305826346,0.0748826571,9.5189212952,1.152806613,0.8627064203,1.0888751804,3.4859576,5.2002063,19.258959,-9.586384,-3.7924154,-1.6950948,0.0098892942,-0.0056136971,-0.0070201215,0.2435656544,0.2231971278,0.2110045841,1.1701124,2.129171,1.1294898,-1.0491611,-1.5415184,-1.1890492,s3,bike
1.5061221366,0.5380512037,9.4231015906,0.181213272,0.2849313117,0.1444883965,2.2409728,1.8387469,10.409989,0.81402856,-0.47884035,8.42759,0.0042000963,-0.006529275,0.0108073766,0.0213241294,0.0201623012,0.0719070182,0.28619036,0.19028452,0.6282749,-0.20311269,-0.24709499,-0.6774496,s3,sit
-2.3108064989,0.7040478985,9.1065772372,1.5977852132,1.4427789645,3.3276810132,1.7477672,8.944737,19.612701,-11.704055,-5.511452,-1.1587936,-0.120376699,-0.003400185,0.3906680965,0.2591889342,0.3831204767,0.7110547563,1.6214855,3.663103,5.9360127,-2.2807171,-1.8325274,-3.9114738,s3mini,stairsdown
5.9037928354,-1.4630318598,6.7556140564,3.7126017047,1.9462819859,2.3418147285,15.064317,7.2987237,15.67005,-13.891158,-10.949882,1.7142484,0.2090641,-0.0268278028,0.2712263435,0.6352497994,0.4643983069,0.6234932917,3.2551699,1.9352427,3.1988108,-2.200692,-1.7654332,-2.7986848,s3mini,stairsup
2.5166507904,0.7298353914,9.0789398536,0.926043527,0.3545350813,0.161343515,4.763264,3.5745432,11.206061,-3.4129345,-1.2509704,5.2684407,-0.0100514237,-0.0096671475,-0.0115878669,0.0629167411,0.0541025212,0.2138259431,1.4726582,1.4238623,2.3970952,-1.9103568,-1.6180698,-1.7007787,s3mini,stand
-2.6805222917,-0.2182399589,9.2197200246,1.1885852991,1.2925561487,1.5706089209,1.1013328,3.6104562,15.227123,-7.2304893,-5.755661,5.094861,0.0854395092,-0.0050771359,-0.3806068158,0.2801085903,0.1851596804,0.5470771521,0.9816604,0.90102625,0.6105598,-0.68691796,-0.7480045,-2.542421,s3,stairsup
3.8883390398,0.1972540929,8.7987027563,0.0859821454,0.1338507375,0.1575770541,4.4244847,2.5761611,9.864111,1.283292,-1.1204864,8.101978,0.0051823541,-0.0063901513,0.0166001889,0.0193001682,0.0163336475,0.0326860761,0.5665775,0.29718593,0.7486154,-0.2003638,-0.23823744,-0.19547687,s3,sit
-3.4631610058,1.2714457863,8.900374099,1.4563412807,1.2716650082,1.8757742415,0.47884035,8.0445175,17.468096,-10.218452,-4.596867,3.8402996,0.0920211242,-0.0498645433,-0.2255678208,0.3762388559,0.3622046837,0.6156543137,1.597718,1.8784106,2.8307495,-1.4352279,-1.46852,-2.5250115,s3,stairsdown
-2.1814330424,-0.6397758059,9.2386726347,1.0964790647,1.3347597414,1.3987926518,1.532289,2.834735,14.393941,-5.0757074,-4.0892963,4.673482,0.0560760318,-0.0296978724,-0.2071153392,0.6830302449,0.6404640401,0.4192775071,1.4569136,1.6074919,1.1591167,-1.349096,-1.9837849,-1.4871514,s3,bike
-1.9177494439,1.6995727372,9.0770896429,0.4362699513,0.7082157349,0.1507580276,-0.7410054,4.098873,10.696096,-4.5382094,-0.82121116,7.7093296,-0.0166891489,-0.0114044014,-0.0031561713,0.0458695465,0.0600780631,0.1138410306,1.7698249,1.4933964,1.5148666,-0.47087976,-0.7307176,-1.4106874,s3mini,stand
-3.7141772804,1.4078853076,8.6739258408,1.7902041324,1.5624579879,2.0289752558,0.049081136,7.4268136,16.401478,-12.021287,-5.74369,4.656722,-0.0212281269,-0.0070536068,0.0084603078,0.4261422302,0.4530929347,0.473678621,1.6580824,2.2031317,3.6504161,-2.095293,-2.2214303,-2.2516837,s3mini,walk
-2.5338280628,-0.1196998768,8.8991271462,2.0934730884,1.3149278785,1.7179384018,2.2625206,6.6893997,19.612701,-12.089521,-6.506243,-0.40581718,-0.0079439977,-0.0249052479,-0.0641923962,0.4499463772,0.3691276867,0.443197067,2.6637645,1.5868404,2.587643,-2.5105455,-2.5776398,-2.3351245,s3mini,bike
-2.1791620204,1.9007191536,9.2499694402,0.1369388766,0.1745032534,0.1254560381,-0.63206923,3.6104562,10.065224,-3.1411927,-0.32561144,8.465898,0.0037331559,0.0039103146,-0.0076205756,0.0151017779,0.0334442561,0.0528035779,0.43218717,0.48991394,0.5561928,-0.1777618,-0.44990227,-0.5684101,s3,stand
-4.5691046518,0.5609769789,8.2310547926,1.8918934169,1.9967931711,2.3324140569,0.7314286,9.829395,19.612701,-15.351622,-7.9307933,1.555034,0.1599070291,-0.0634121117,-0.3816923365,0.6908495933,0.5296724221,0.6984705531,2.1582396,2.7955132,1.603919,-2.1231067,-2.0328343,-3.524767,s3mini,stairsup
4.661067272,0.0592979382,7.6553049614,3.5994394023,1.4942732414,2.0023019719,18.32043,8.908825,19.612701,-15.292963,-7.1885905,-1.186327,0.0022667019,-0.0036811876,-0.0080874398,0.3832739946,0.4199035932,0.5345433542,1.9654961,2.4685812,2.351715,-3.6074758,-7.0058613,-3.2224767,s3mini,null
-1.9700748858,1.0580505057,8.9162957555,2.9899149695,1.4172904581,1.4630487986,6.5984197,8.552089,19.412188,-11.57836,-8.42759,-4.3382936,-0.0061693211,-0.0015043604,0.0291251254,0.326616321,0.3998293243,0.4579634768,1.5531249,5.944635,2.218968,-1.9978348,-4.972443,-2.8979447,s3,null
-2.0928269495,0.3539282628,9.223813086,2.0768889942,1.0646116185,2.7285535811,3.265691,6.51582,19.612701,-13.78342,-4.9943047,2.7665,-0.0124778027,-0.0102448257,-0.0233949562,0.2743783778,0.2236812601,0.4011651312,1.6741849,1.4233744,2.3609862,-1.544388,-1.0913187,-2.9992359,s3mini,walk
-2.4402759146,-0.4893001679,9.6148132907,1.2688448347,1.2521147143,1.6139453548,1.7506409,2.8594055,16.210754,-7.938492,-5.9158325,3.9349823,0.0810521262,0.0015944277,-0.3867452757,0.284391258,0.1921468083,0.5506138412,0.98194885,0.9567871,0.6213379,-0.68840027,-0.7489929,-2.5605774,nexus4,stairsup
-1.4626401309,0.2946712507,9.1577464035,2.2670217342,1.5487601769,2.1858401758,7.833828,8.149862,19.431341,-11.492168,-6.215348,-1.9632454,0.0091726289,-0.0164201663,0.0112667225,0.2879797942,0.3325700966,0.6081646067,1.42973,4.449237,3.0207286,-1.5861117,-2.5247061,-3.2577443,s3,null
-1.3438623142,0.2418709468,9.2927139903,1.2342634949,0.8379909245,1.0919351039,4.378995,3.7732618,19.612701,-11.999739,-3.321955,0.14963761,-0.0158716099,-0.0130145133,-0.0065132814,0.220337454,0.1999069561,0.1810276397,1.8186207,1.6173378,2.1499443,-3.3898463,-1.5607346,-1.5499996,s3mini,bike
-3.0897360252,-0.4715088717,9.3667510718,2.0950550323,1.2631071005,1.5862733461,6.936447,10.530151,18.29358,-15.548538,-7.5523376,2.6900482,-0.0123387384,-0.004443256,0.0338281234,0.2892891651,0.3226889151,0.6061843694,1.3327179,1.6395721,2.383957,-1.503128,-2.755722,-2.3114777,nexus4,null
-2.7146178509,0.3398570722,9.4410468032,2.7936329156,1.7707397497,2.8227935284,10.302124,11.446152,25.683441,-17.99199,-10.042206,1.6022186,-0.0074070888,-0.000605887,0.0178588874,0.52351016,0.5306705028,0.6608388148,2.7709503,3.4424896,2.405899,-3.4052277,-2.2601013,-2.9635162,nexus4,null
-5.8182879733,-5.5294045311,0.4503394164,5.5360284689,3.40051286,3.3426738111,19.32988,11.872223,19.725327,-19.669525,-19.7034,-19.274078,-0.0094879931,-0.021095731,0.0008472024,1.2488491882,0.8140196576,1.2229577301,7.6098175,7.5427856,7.8161316,-12.03389,-4.2096863,-8.024017,lgwatch,null
4.3451671184,1.63560411,3.02996504,5.1642702917,6.086140403,3.6171389895,19.612701,19.612701,19.612701,-16.472706,-19.6133,-15.2013855,0.0304608882,-0.0169178414,-0.0576536156,1.5393631721,0.7771303515,1.1941350664,8.72638,5.25202,7.245929,-8.726646,-5.816344,-8.726646,gear,null
-5.1956840794,-4.3443444442,3.7778584381,6.5489737613,2.4632198702,2.2916276383,19.408173,10.739166,19.725327,-19.669525,-19.7034,-19.274078,-0.2380269973,-0.2002519643,0.1422279145,0.8887900266,0.7234821518,1.0436284226,4.350647,5.1259766,7.041687,-6.0709534,-5.4494324,-6.075836,lgwatch,stairsdown
4.9743008156,3.0709087109,1.6654097076,7.9463112015,1.5191464245,1.5140936167,19.32988,14.526779,12.9579315,-19.591232,-3.8049011,-9.694275,-0.012244617,-0.0033012894,-0.0011810443,0.769189835,0.3246751798,0.7633636577,6.001236,1.9522705,4.084137,-3.9236908,-2.149292,-3.765442,lgwatch,walk
-8.895895786,-0.8900758851,1.2288669432,1.3461952234,3.5778390558,1.5479784919,6.4113464,17.218979,12.440796,-15.6475525,-10.507584,-8.50885,-6.35986981129E-06,0.0058855168,-0.0103586352,0.2315448112,0.1527977886,0.1644313315,4.9141693,6.0055237,2.476181,-4.605942,-3.018982,-3.9367828,lgwatch,stand
-7.9472740133,-3.2537370255,-1.7708336383,4.7388170521,2.453516477,1.5873295327,14.368203,3.3979707,3.9306808,-17.094002,-14.330494,-5.768829,-0.2105060006,-0.1192062534,-0.1150862864,0.8814945772,0.5872278834,0.8738267027,3.241866,2.0682108,3.1164312,-3.1747544,-1.7923075,-2.646916,gear,stairsup
-6.449138763,1.804074836,5.7705041878,4.2890780253,1.4497058168,1.2312232184,13.687053,10.797251,13.066955,-19.6133,-9.596559,-3.9677908,0.0638129656,-0.0949439276,-0.1269379095,0.4890274173,0.2872864148,0.2934257195,2.9438584,1.9342539,1.6253272,-5.0576096,-2.9760826,-1.8556907,gear,bike
2.6811632487,4.046284216,5.0600713293,6.0237272311,3.5484867589,3.0073764265,19.408173,19.325012,19.927063,-19.591232,-19.7034,-19.072342,-0.0074059452,-0.0026534742,-0.0135361898,0.7488771285,0.4790601926,0.6290005511,8.6592865,4.8789063,7.3301544,-8.560379,-7.3780365,-5.4231415,lgwatch,bike
7.5787082044,-1.5995205145,3.1405045174,4.1869828658,3.9603536246,2.4515617528,19.548058,16.983868,14.834474,-10.262147,-15.506646,-14.162302,0.0189896299,-0.0183861859,-0.0407004014,1.7174100247,0.6747431261,1.2625600523,8.72638,5.8008976,4.8589373,-8.708537,-4.0586576,-7.227287,gear,walk
4.1178744661,-3.7285367618,1.3522880123,8.0743056439,0.4617885103,0.445243858,11.472015,-2.9237213,5.5401,-9.270279,-8.788956,-0.579834,0.0048648342,-0.005979231,0.0033391186,0.7924525542,0.3117326388,0.3466038119,4.3690643,1.058258,1.2832947,-6.369766,-2.2998962,-2.494629,lgwatch,sit
4.989633356,-3.4609521123,0.5841064107,8.1994460325,2.372159659,2.2858933731,19.32988,19.325012,19.927063,-19.669525,-19.7034,-19.072342,0.2789700381,-0.1421504116,0.0453650442,1.4230450357,0.7112694611,1.1839880715,12.056961,5.601074,8.344864,-11.457596,-5.9174805,-9.206696,lgwatch,stairsup
-8.2094352527,-0.631747773,-2.5582866559,3.9783204633,5.7568191629,2.5094203133,5.0571527,19.612701,14.097658,-19.6133,-15.020623,-19.6133,-0.0625402099,0.0436734455,0.0093269764,1.2294450098,0.7702535006,1.6777683395,5.064001,6.2592278,5.1100736,-8.6808405,-6.125271,-8.714663,gear,walk
0.2844067286,-5.4539616182,-3.6961595783,6.1938144839,2.6379366439,4.1243490152,14.859283,4.3383484,10.38237,-18.989334,-16.573212,-12.843506,-0.0459665138,0.1149643688,0.1669925377,0.6971759635,0.4671624517,0.567276653,4.271576,1.9628601,2.1542206,-3.8642578,-1.7477722,-1.623703,lgwatch,stairsup
-8.4680459522,-3.0492507189,0.5786837646,5.0413563698,1.5282638436,1.2047150488,15.364191,4.450821,5.8388596,-19.6133,-15.9735155,-6.5122285,-0.0050714535,-0.0610891882,-0.0662228547,0.7414810049,0.4424793047,1.0054855633,3.653857,2.1611552,5.9194083,-3.43894,-2.3600934,-4.9753175,gear,walk
-8.0155764905,-5.3272475917,2.4139865485,0.3309083332,1.270065715,0.361350269,-2.5766754,4.1126556,5.809677,-12.119583,-9.63443,-0.55781555,-0.0015013149,0.0008725369,-0.0007862229,0.091483047,0.0704843937,0.0589938062,1.5421295,1.5480042,1.2063446,-2.865982,-1.5740967,-1.1894379,lgwatch,sit
-9.9478021346,-2.8096421475,-2.5004761901,4.14617166,2.4896172775,2.3096962611,-0.61171854,9.741408,2.8909986,-19.6133,-13.747506,-10.839149,0.150031738,0.0203701003,-0.0070658457,1.4430442071,1.1775747705,2.2682078039,4.713529,4.0703754,6.375874,-3.830691,-3.954528,-5.865346,gear,stairsdown
7.8751429673,-2.2632452396,0.7616447187,5.9977301184,2.5988602835,1.4767426187,19.612701,7.3340383,8.36175,-15.934609,-15.774198,-6.1369376,0.0145047481,-0.052027019,-0.197499688,1.5193171907,0.639588052,1.3996044244,8.72638,1.6056199,3.1467912,-6.9607043,-2.5915222,-6.0120864,gear,walk
8.7782474582,-3.7342761359,0.82189396,4.2200920442,2.5429586104,2.160236012,19.32988,9.018158,15.404953,-10.660416,-19.7034,-9.241409,0.5328380443,-0.110394976,0.094790816,1.5781501804,0.7538504144,1.0765408786,12.377457,5.093033,4.7201385,-7.2822723,-4.8820953,-6.6168365,lgwatch,stairsdown
5.8867662018,-2.0492300393,2.9661850311,6.4500207866,4.4071005029,2.8586052045,19.612701,19.612701,19.612701,-16.406267,-19.6133,-10.2406,-0.0892564432,0.0513179204,-0.187121237,1.8303513888,0.8281570103,1.5282963481,8.72638,6.167881,7.5458007,-8.726646,-4.3364253,-8.726646,gear,stairsdown
9.0249684231,-3.1385385648,1.7603774171,0.081163465,0.1503508758,0.163382082,10.208298,0.73446655,4.012497,7.311386,-9.444,-2.2621613,0.0017170351,0.0050678723,-0.001860308,0.1415225182,0.0307783926,0.0314771649,4.046219,0.6863861,0.8073578,-5.9011383,-0.76197815,-0.5651703,lgwatch,stand
6.1241560692,-3.2538902078,2.5471535536,5.3137763009,2.4187357253,2.3299239512,12.998719,5.713164,10.535086,-13.207015,-13.84507,-4.867412,0.009942532,-0.0566103429,-0.0460389798,0.6783943657,0.2222110641,0.5298786323,8.473646,1.1811119,3.3752904,-5.694371,-1.3688648,-3.4732947,gear,stand
-8.0220640329,-4.9546423632,1.0094445398,2.7628854656,2.7761932279,2.1375438466,7.4042206,19.296005,19.725327,-19.669525,-19.7034,-19.274078,-0.0060762253,-0.0185386967,-0.0060902876,0.8240039478,0.48109597,1.1566012616,7.5406647,3.5325623,5.473465,-10.168686,-3.6312866,-5.5793915,lgwatch,null
-10.5779389379,-2.4308538877,-2.4599819463,3.5132870528,2.363697156,1.8036276414,-3.1711202,10.337564,3.6577415,-19.6133,-11.112088,-9.342773,-0.2566379061,0.0084706747,-0.1099706153,1.2413633633,0.7235764068,2.3360128433,3.8352184,3.4181674,5.1782503,-4.453604,-3.6762276,-4.434163,gear,stairsup
-9.9296906078,-2.3635881942,-1.99249925,2.8598086091,1.2726230677,1.3239816628,-2.6809072,2.777274,1.4736311,-18.505981,-12.584522,-6.76781,0.0092542661,0.0431893545,0.0870755248,1.1388673633,0.6463023539,1.1272270887,5.1050134,2.6903255,6.9029136,-6.944459,-3.7140446,-6.736466,gear,walk
1.8604277553,-7.4526352892,6.3234954184,0.1795726715,0.258192771,0.2652082127,3.3456879,-4.278595,8.125778,0.0012664795,-9.436859,4.3933563,0.0015013246,0.002051556,-0.0010112817,0.0424711782,0.021009139,0.0124439065,0.59614563,0.26301575,0.21055603,-0.7881317,-0.2518158,-0.18571472,lgwatch,sit
8.5740027846,-1.9781727384,2.4128478563,0.5294463102,2.9283929087,0.9342867065,11.692682,5.880758,5.9902925,-3.7553053,-9.263166,-7.429208,0.036527806,-0.0421532703,-0.0317990663,0.4890451067,0.2141137492,0.2305387768,2.6636937,2.4434505,1.8309233,-5.2245893,-2.2833943,-1.9624834,gear,stand
7.2465394272,-3.0678257792,-0.1067860864,6.9528601661,1.6313041182,1.8624864778,19.612701,3.6044707,6.769605,-19.6133,-17.571646,-8.631696,0.3560744417,-0.1249872927,-0.0196268297,1.1331450814,0.6881064609,0.9742576146,4.0575924,5.2815814,6.508233,-4.386226,-4.9769154,-5.0144663,gear,stairsdown
6.19410692,-2.259971615,5.5381266858,3.4375228057,2.2305143263,2.8718405714,19.612701,18.067842,13.98154,-12.369044,-19.6133,-19.6133,-0.0459894258,0.0271446366,-0.1467916406,0.7176587726,0.4921828651,0.3929589341,5.8419104,6.029663,2.772617,-4.600078,-4.935903,-3.4908717,gear,bike
-0.380840453,-8.2771821025,4.3628312067,2.9728088982,1.6103233499,1.1080809247,0.95103455,-1.7363586,5.759094,-14.004837,-9.329742,0.027755737,-0.0179687598,0.0011240974,0.0003961875,0.2641738396,0.1081153375,0.1723748819,1.1740417,0.5465393,0.81907654,-1.474884,-0.5461426,-0.7553253,lgwatch,walk
9.6118377884,-3.1247846603,2.7169871549,1.9994395295,1.9589668349,1.7355688803,16.725754,4.4978333,7.694931,4.6191864,-9.006012,-5.344742,0.7971723514,-0.1666658838,0.2823384598,1.4700162874,0.4348335255,0.8697887884,4.9914856,1.0365906,1.7527771,-2.2984009,-0.7364807,-1.3265991,lgwatch,stairsdown
-0.5116467243,3.3689462351,9.0436795516,0.9064817318,0.6006685074,0.3773866053,2.6455994,5.4337616,9.798584,-1.7818909,2.3916473,7.4015503,0.001103265,0.0001750674,-0.0052129201,0.0809528924,0.021964502,0.0240854764,0.32011414,0.11009216,0.053115845,-0.29618835,-0.07255554,-0.11671448,lgwatch,sit
-5.4391023545,-4.0550427524,4.7139165682,5.7635271478,2.787380907,1.8795153213,19.408173,19.296005,19.927063,-19.669525,-19.7034,-13.28566,0.0015125687,-0.0103201549,-0.0084870471,0.5182542311,0.3113587591,0.5922476681,6.268585,4.04303,6.9039,-4.62619,-3.880371,-6.8737183,lgwatch,bike
9.1147664396,-2.2349166083,0.142387375,4.3317879825,2.3514435345,2.4203066628,19.612701,6.929418,10.834361,-19.6133,-16.390705,-14.107235,-0.1535975672,0.0819800955,-0.1635327097,2.0334932787,0.9996182288,1.3572385651,8.72638,4.6416235,5.3518887,-8.708537,-4.83923,-6.346579,gear,stairsdown
4.5482977805,-6.6163754043,2.330681023,6.1921969661,5.5182596798,3.9560181715,19.612701,19.612701,19.612701,-19.6133,-19.6133,-16.96232,-0.2840432318,0.260664273,-0.2224185444,1.7447071029,1.2997513019,1.6505972078,8.72638,6.4578996,6.2405853,-8.726646,-8.726646,-7.3822827,gear,stairsup
-7.3919511389,-0.8663799732,6.0925165208,1.4168596961,1.4104707791,1.0937697786,0.12030864,7.49445,13.58051,-19.6133,-10.5841675,-2.9239187,0.1384089468,-0.0474360366,-0.1898911377,0.3669727444,0.2208600589,0.2344241215,2.7606328,1.8178738,0.9984191,-3.7292244,-2.7427897,-1.4841797,gear,bike
3.8554165584,-3.5400597791,-2.2498812847,5.1181734116,2.9582338857,6.4230648433,19.612701,19.612701,19.612701,-19.6133,-19.6133,-19.6133,0.0474396694,-0.0044698571,-0.0091846909,1.0830060344,0.7983005617,1.0324158893,8.225439,6.0120864,6.4019732,-8.208928,-7.3388734,-7.853662,gear,null
-5.0910184215,-4.909347944,1.3461188645,6.1321786366,3.3241048797,3.1286799832,13.448231,10.093356,14.752472,-19.6133,-19.6133,-9.892841,-0.0631882812,-0.090353326,0.0115353234,1.3799576604,1.0191027689,1.2164860835,8.72638,5.33591,7.4746943,-8.708537,-6.3907876,-3.603257,gear,null
-1.1924810455,-7.9390573327,5.109238178,0.9268230126,0.4920243134,0.5849439202,9.014768,-1.9351135,7.0593038,-13.646351,-9.239823,-2.4247277,0.0283351379,-0.0394505675,-0.0688883446,0.0673618429,0.0664612398,0.0484209018,0.64821345,0.19813919,0.118776985,-0.92518216,-1.3339775,-1.0487529,gear,sit
8.9865181009,-3.6275546754,2.5120609024,1.6802627947,1.5973561304,1.1454012376,16.171127,2.3483582,7.1069794,4.559677,-9.477325,-1.2957306,0.2155107112,-0.0519070316,0.1308711994,0.9127771313,0.3953325518,1.158552874,3.9372559,1.096405,3.4275818,-3.236206,-1.7437134,-3.0473328,lgwatch,stairsup
8.894160108,-1.747965015,2.5520934262,2.6186836231,2.8672604829,1.7322865397,19.612701,12.353482,17.607557,-11.183915,-19.6133,-6.047155,0.3538011146,-0.1105151202,0.0839925891,1.4287276813,0.5836639633,1.0472624618,8.72638,3.9057922,6.1910505,-8.708537,-5.0794473,-7.803861,gear,stairsup
4.371248936,-3.2429482332,7.203381249,3.3701101105,3.0582700577,2.8158463324,19.612701,19.612701,19.612701,-19.6133,-19.6133,-18.113932,-0.0146442765,-0.0103825194,-0.0598555778,0.7981369912,0.9396718948,0.5190895122,5.8421764,8.49069,4.5185857,-7.6440716,-7.578025,-6.8874674,gear,bike
-10.1986707457,-2.7880586863,0.5433262954,3.48803535,1.774089961,1.3779987835,9.020233,8.942429,10.810837,-19.669525,-10.286652,-5.8041534,-0.3334561195,-0.0034510854,0.0308538569,1.0729875476,0.5635698719,2.3007439198,4.883194,1.9378662,5.4424896,-8.112564,-3.069458,-4.4226227,lgwatch,stairsup
-9.6568295603,-0.2683073172,-1.8074828664,2.0144105133,1.2575240671,0.9040693175,-5.5381165,3.8674774,1.6505737,-15.30954,-4.8375397,-5.719055,0.0752935593,0.0097513019,0.0027794028,1.1405630014,0.5297615336,0.3233534705,4.573349,1.3394928,1.5260468,-3.074356,-1.4226532,-0.6582489,lgwatch,stairsup
-7.4720036832,-1.1253988815,5.9792825903,1.9259780215,2.3811436865,1.2575750684,7.906479,19.325012,19.927063,-19.669525,-11.391144,-19.072342,0.1239354754,-0.000038306,-0.1177753265,0.404499626,0.1659740138,0.3601611795,3.2115936,1.2760925,3.7209625,-3.6479492,-1.0577393,-4.386032,lgwatch,bike
-5.0846551752,4.1597574138,-3.6937479757,4.3928593216,3.8663953379,3.7029340437,7.8229065,19.325012,7.3825073,-17.544708,-19.674393,-19.072342,-0.0443773015,-0.019430888,0.0518766613,1.15201437,0.9547511828,0.5346583073,5.6638947,2.341385,1.6542206,-6.096054,-2.134018,-1.335434,lgwatch,walk
-7.0792042953,4.5551297287,-4.0229118336,2.4726745132,2.7378772906,1.886829843,6.216156,19.325012,13.600037,-19.591232,-11.414505,-19.072342,0.1447439474,-0.1063545385,0.1302434132,0.5769199221,0.3640537151,0.3900027603,5.091385,2.4695587,4.366165,-6.3043365,-3.070755,-2.3480072,lgwatch,bike
9.3535729367,-2.0577596594,0.8999466923,3.4245259636,1.9622683871,1.6887917471,18.778322,4.8500543,14.358626,-17.278954,-18.540697,-9.961076,0.0719900967,-0.038160981,-0.0675023548,1.0553034426,0.8739090377,1.2207575701,7.159642,4.7409596,3.842409,-6.731939,-3.6762276,-4.042146,gear,walk
-8.811861374,-3.5701418548,-0.0483571644,4.9335329854,2.9326886223,2.365690148,16.362574,19.612701,10.065823,-19.6133,-18.251,-10.257359,-0.3983856698,-0.3679368229,-0.0636140154,2.1632446657,1.1340081303,1.7179838577,8.72638,3.7164414,6.288789,-7.9964075,-4.434163,-4.0477386,gear,stairsdown
4.7229515844,-3.3940183021,0.7916240964,8.3966791461,2.590654304,3.0459927273,19.32988,19.325012,19.725327,-19.669525,-19.7034,-19.274078,-0.2242941998,0.0990683093,-0.0296022973,2.0156696974,0.8591772885,0.9243696136,31.803207,8.524506,8.071136,-24.074173,-7.163971,-9.338074,lgwatch,stairsdown
5.807250655,-3.3374595495,6.3047573859,3.0128271982,2.8629905393,2.4691095292,19.612701,19.603724,19.612701,-14.404715,-19.6133,-10.135853,0.0011343605,-0.023692398,-0.0355075578,0.543570293,0.6321407989,0.5174906454,6.010222,6.0046296,6.8134313,-3.3886063,-5.6853166,-3.8823564,gear,bike
1.9512753249,-4.3901999423,0.6366119103,7.4843653821,4.0052247935,4.2278982337,19.612701,15.607203,17.811663,-19.6133,-19.6133,-17.946936,0.0077865082,-0.0466899473,0.0068761802,1.6686893539,0.8989490755,1.2264396273,8.719989,5.792109,8.553807,-8.726646,-5.502091,-8.714929,gear,null
-7.5956151312,-3.1269702832,2.2366210237,0.5601119523,4.761824189,0.8698246654,6.7983356,6.420052,7.9529395,-11.073183,-9.745598,-3.6709096,0.0152341667,-0.0283215676,-0.0534000183,0.1296189181,0.1365605463,0.1466299938,1.4578145,1.9001654,1.3190637,-1.6040219,-2.0506341,-2.3369238,gear,sit
-1.9052296236,-4.6799826964,7.8177702007,1.298492943,0.9179336593,0.7189693926,10.782886,2.5181017,10.07121,-6.353014,-9.216479,-3.436278,0.0380477345,-0.0341830841,-0.0573473589,0.2164666352,0.1087299679,0.1560744826,3.1728902,3.1073763,3.0027142,-2.9222867,-0.5789712,-4.0107207,gear,stand
-6.612310968,-4.5606681778,5.3874600283,2.8266749052,2.3991096777,2.2336036991,19.32988,17.663666,19.725327,-19.669525,-19.7034,-19.274078,0.0136603147,0.0030493641,-0.0145316399,0.5123425577,0.2665869966,0.4176043036,6.437027,4.254059,3.3877258,-6.4337616,-4.5717773,-4.454376,lgwatch,bike
0.7369957927,-5.3430552027,7.7119279767,0.5352973498,0.664750762,0.3331461677,8.793902,2.2140381,9.054871,-1.6011224,-6.9012866,4.220978,0.0352936775,-0.0382852056,-0.0669160238,0.0490721899,0.0216028683,0.0359531758,1.1060108,0.18402444,0.6601977,-0.81066626,-0.45566687,-0.17923075,gear,sit
1.9729824622,-5.9762576682,2.1331001812,1.6234958895,6.8108419538,1.0009385731,9.148245,11.002554,7.240066,-10.156203,-19.09735,-4.8656163,0.0354468184,-0.0511338737,-0.0426139124,0.4258307003,0.2411353761,0.2011567281,8.72638,1.1286477,3.944408,-2.538525,-2.5025725,-0.97285277,gear,sit
3.3196032805,-2.0611110214,6.1489983165,5.6011523455,3.1986089074,2.6400009584,19.612701,18.450317,19.612701,-19.6133,-19.6133,-12.109872,0.0153192341,-0.0129496297,-0.0598855515,0.7180654394,0.4055158874,0.4947413657,7.5362134,3.7729003,4.6003447,-3.931625,-6.29012,-4.053065,gear,bike
4.6520493156,6.6765065942,1.6363400943,6.6718740094,5.6285434472,3.4966920423,19.32988,19.325012,19.725327,-19.669525,-19.7034,-19.274078,-0.1753751202,-0.3270883854,-0.1479712399,1.8324823029,1.1329553767,1.954875504,16.123764,9.764465,6.7512207,-10.797012,-9.186035,-10.424072,lgwatch,stairsup
-7.3154586683,-0.9789381992,-1.5837490344,3.4384295249,5.5600738294,3.778025912,3.426701,11.820772,16.377537,-19.6133,-18.743008,-17.658434,-0.0629369152,0.0570099836,-0.1216868004,0.9687323814,0.6768577098,1.1342080219,4.795554,3.748932,5.25202,-5.8110175,-3.406982,-4.7241817,gear,null
8.6811936429,-4.0050313438,1.242530695,3.6990936978,2.1440935616,1.7662673724,19.32988,8.83725,12.934128,-12.645645,-19.7034,-10.636307,-0.3769255683,0.2074585524,-0.0868467579,1.1886996434,0.6504425954,1.4554005495,6.1471405,3.3092804,7.23555,-9.291397,-2.9391937,-7.2267303,lgwatch,stairsup
-7.8582999907,-4.2810383413,-1.5124218361,3.9226124889,2.4214161322,1.3464167113,16.895882,4.156334,2.80361,-15.427637,-11.507132,-7.651869,0.136424539,0.02172998,-0.0752073548,0.7400114305,0.4827694,0.497192639,4.8738513,2.0703416,2.1046963,-4.1049967,-1.918275,-1.9371834,gear,stairsdown
3.0607108886,-5.1153833175,-1.3243491113,7.1049584279,2.5525844501,3.9160766914,19.408173,12.09166,13.852356,-19.669525,-19.674393,-12.734009,-0.0369853253,0.0288966865,-0.0072237317,0.9479010164,0.4141848713,0.5083785742,6.279236,3.6984863,1.8305817,-7.408661,-1.4989624,-4.186569,lgwatch,null
9.9630978868,-1.8005845671,-0.0102661946,3.3327857568,2.2054515203,1.797500848,19.612701,9.474455,11.9057665,-16.033968,-11.905168,-6.6522894,0.2483976816,-0.0212303276,-0.0405623694,1.5462726665,0.9082184367,1.4976358551,8.353004,3.6767602,5.792908,-5.9729376,-5.9220715,-6.3005066,gear,stairsup
7.4980012308,-3.8092445818,0.9025019748,5.9322979062,2.5957685177,2.5387515241,19.612701,2.332551,12.035053,-16.935387,-15.139734,-8.90643,0.4059553837,-0.1781434422,0.1268133664,1.5480917025,0.8776755183,1.5175393366,6.172941,2.9137647,5.1537495,-6.592389,-3.8786278,-8.287225,gear,stairsdown
7.4302835103,-4.001170804,3.332327,2.915290358,0.7222877432,2.1080671348,10.103561,-2.1981506,9.8467865,-1.7221222,-7.0350647,0.22532654,0.0028693865,-0.0068860384,-0.0026817118,0.3238506237,0.1192931485,0.0833093389,0.90808105,0.3583374,0.19332886,-1.0636597,-0.29748535,-0.28305054,lgwatch,stand
1.876075394,8.0935331849,4.2547083723,1.6691047797,1.1202746718,0.4503733942,16.294647,10.465424,8.447128,-8.994415,-12.1167145,0.78411865,0.0035481472,0.0004308153,0.0011935237,0.078311895,0.0406256491,0.0300508793,2.6858063,1.4417114,0.90649414,-1.7831879,-0.49371338,-0.20968628,lgwatch,sit
-5.4740367312,-0.822210792,-0.1438435837,8.7909877523,1.5591135062,1.3505069272,16.955736,8.950125,7.319673,-17.695545,-14.598645,-10.523713,0.0905721224,-0.0387095555,-0.0566738124,1.1552716213,0.7437362452,1.2013206054,6.8504496,4.935903,4.679174,-7.6525936,-2.2684808,-3.8013961,gear,walk
-9.0706521293,-3.2876683633,-0.1179094671,2.2532802092,0.9420562605,1.1412345433,14.052338,11.684616,9.818222,-13.06459,-12.243317,-19.072342,0.0012303518,0.0050420507,-0.0014701822,0.4239786246,0.1312695645,0.2687504551,10.2836,1.6526947,4.0388336,-5.7723694,-1.7962494,-3.35466,lgwatch,stand
8.2623686582,-4.6049972791,2.4627174893,0.0500349194,0.0892626189,0.063156583,8.451584,-4.419037,2.6604462,8.144516,-4.8213196,2.2914886,-0.1427857048,-0.0017126102,-0.032011731,0.1904673911,0.0546053093,0.0626938801,0.11767578,0.08917236,0.08224487,-0.45483398,-0.07211304,-0.108947754,lgwatch,walk
-7.7893742316,-3.3490419605,2.8692351148,4.6453012381,2.2365919134,1.8235538218,19.408173,11.108124,13.952927,-19.669525,-17.725311,-19.274078,0.3084495352,0.1607684794,-0.1455202258,0.9369542689,0.5447399984,1.1071864291,5.816101,5.048004,8.140778,-8.050171,-3.0578003,-5.4306946,lgwatch,stairsup
4.9244060711,-5.1472237239,0.8241633636,5.834276641,3.2021494953,3.7545761723,19.32988,11.912689,19.927063,-19.591232,-19.7034,-19.274078,-0.0031122214,0.0157460265,0.018811256,1.7130154431,0.8776247152,1.0021970692,17.910233,5.9364624,5.6636047,-15.238663,-5.51947,-10.028076,lgwatch,null
-9.5323975179,-3.2913825026,0.5095471897,3.1845964133,1.4843827033,1.031187156,11.774582,3.8218079,14.374252,-19.236893,-17.168304,-6.499222,0.028524885,0.0016373782,0.0223402214,1.1871442283,0.3664639037,1.21815646,5.202286,3.1325378,4.2454224,-4.378708,-2.112976,-4.774811,lgwatch,walk
-8.2865748507,-5.0348765479,0.1421515886,0.5256420603,0.779985888,1.887327317,-6.2542534,-2.9454668,6.8504095,-9.134478,-7.6147585,-2.2876596,0.0098145696,-0.0225194878,-0.0114238253,0.2165019838,0.1745287132,0.2300740199,1.0894992,0.36085832,0.29960564,-0.6221144,-1.133175,-1.903095,gear,stand
9.2245305558,-2.8534753644,0.149357718,4.8718553695,2.5126587396,1.7375344624,19.612701,9.530719,9.471462,-15.217546,-15.63713,-8.176797,-0.1519781946,0.0146294798,-0.1522438133,1.5316995708,0.73480424,2.0598858864,5.5700016,3.283944,5.6810555,-6.741526,-2.7569044,-5.815811,gear,stairsup
-8.1401074207,-0.8463075155,0.3703769671,2.2723275504,3.963280242,3.081069125,-0.5650316,11.52449,9.004593,-12.600683,-11.08276,-8.895657,0.0208467717,-0.0231166738,-0.059118021,0.1069089337,0.0834032273,0.1066979891,1.1853731,0.9717875,1.1475562,-2.0383835,-0.8093347,-1.2319783,gear,stand
-3.2430659444,-3.5979013629,1.305902451,5.7692112429,5.0907038705,4.527805156,19.612701,14.3897505,19.612701,-19.6133,-19.6133,-13.968371,0.0001533171,-0.0062452641,-0.0535211915,1.3048028953,0.8999460326,0.9669208524,8.719989,6.077334,4.98384,-8.708537,-6.0501695,-4.755074,gear,null
4.3329128893,-8.0567586514,1.1230745177,2.5502709654,1.8213168619,3.1226042356,10.634125,-2.0953522,7.606262,-0.45814514,-13.7048645,-8.022659,-0.005613105,0.0020359934,0.0019553132,1.0720260506,0.2828344535,0.223103851,3.3616028,1.0352783,0.90242004,-3.4657898,-1.1564941,-0.74568176,lgwatch,stand
-0.3601382156,-0.9863320908,7.9439837418,1.615547875,4.3445290687,1.2838339453,4.484938,6.1010246,10.900801,-9.646238,-10.681132,-1.0911574,-0.0347569304,-0.0508089581,0.1294159195,0.4630860839,0.3480194006,0.5133424452,3.1672976,0.77258307,3.5167043,-2.5566347,-3.0234869,-1.593902,gear,sit
-9.1654815377,-0.4054707354,-2.405883922,2.5923839392,1.6634362236,1.9473499228,7.313507,9.892197,3.9262085,-16.14029,-9.046036,-13.419556,0.1185225696,-0.0023597514,0.019414314,1.2435934545,0.5782741964,0.3752026278,4.6246185,1.7838287,1.8486176,-6.577774,-2.1147919,-1.2425079,lgwatch,stairsdown
-6.9473602485,-3.0222075663,1.1422743,6.1311119531,0.2722495128,0.3511933221,9.492412,-0.12090719,4.9224787,-9.561843,-3.8007953,0.6003461,0.0189052855,-0.028605481,-0.0626093674,0.0468395998,0.0298619202,0.0434677538,0.42557314,0.28229508,0.29561087,-0.5187838,-0.14594123,-0.36139098,gear,stand
6.9848009561,-4.4651340548,0.8919720107,5.7706648144,2.405220233,2.1929924476,19.32988,19.296005,19.927063,-19.669525,-19.7034,-19.274078,0.0612169445,0.0205822207,0.0121330104,1.639917439,0.7163421463,1.1445814754,20.979996,6.450226,8.764343,-23.353195,-7.5132446,-6.8354797,lgwatch,walk
8.4037422214,3.0200597181,1.7974658663,2.4745079938,1.4525103752,0.8125005969,12.859772,11.715118,10.581726,-9.887054,-15.127884,-8.1137085,-0.0011834369,0.0011481394,-0.0018497513,0.1711135027,0.0940146695,0.2936377762,2.3296356,0.9631958,3.3909302,-2.6039886,-0.88357544,-2.700531,lgwatch,stand
-3.0243532935,-4.5455622592,-2.1987465226,7.0010294927,2.3015247549,4.079608107,14.209442,2.462616,9.370712,-17.827713,-14.6927185,-14.462158,0.0251569997,-0.0064275219,-0.0258833486,0.6072530621,0.4398841654,0.6683649207,3.2650146,1.7160645,2.0879974,-2.8381958,-1.4358826,-3.6146698,lgwatch,stairsdown
4.6370371756,-3.9851403183,2.4422013683,6.5060992167,2.9705913634,3.0537971446,19.612701,18.259977,13.417107,-19.6133,-19.6133,-10.178948,-0.1931883281,0.096953271,-0.1874087055,1.2197421828,0.7825547192,1.0826166791,8.72638,5.3777213,7.9972067,-8.726646,-6.9255505,-6.1343255,gear,stairsup
7.3734629101,-4.5025673923,0.7333622351,4.0635674538,1.2232660305,2.0882954915,18.139694,19.325012,19.927063,-19.591232,-19.674393,-19.274078,0.0051539995,0.0020730825,0.0010494107,0.5749719339,0.2740944652,0.1978221456,10.009384,3.8600464,2.4913025,-7.305832,-4.5182495,-3.2914734,lgwatch,stand
10.3782004682,-2.8444861269,2.2487714455,2.3902120791,2.4108530907,2.2392503414,14.757187,3.0362854,6.578537,6.304489,-7.8872375,-0.54115295,0.0701050365,-0.3522096172,-1.1453681752,1.8993517841,0.9999196778,1.9755739746,6.2700195,1.0429993,2.558136,-3.0759888,-3.185669,-4.781952,lgwatch,null
5.8606731851,-2.8622918583,-1.1393845314,7.9577449294,1.4355185131,1.5794883706,18.453909,5.5605335,5.0547585,-17.922995,-11.326369,-7.77936,0.0377157709,-0.0153471318,-0.0733832643,0.7951640117,0.5326287998,0.8107265964,3.270362,2.0293288,2.7590349,-3.674896,-2.4975126,-3.2019186,gear,walk
1.9822163945,-9.322941852,-1.3860256784,2.1159057061,1.2311527222,1.0271129325,6.009323,0.7987366,9.525436,-12.331696,-19.7034,-19.274078,0.0042461743,0.0066069151,0.0008470956,0.3970703222,0.2541070109,0.241997476,9.884415,3.087799,4.2237854,-6.8454742,-2.168396,-4.418335,lgwatch,sit
-4.2942966169,-3.7785523421,1.0124922832,8.8520635423,1.5585770551,1.0880021817,19.408173,18.399643,15.35437,-19.669525,-17.501556,-9.112869,0.0200291956,0.012990635,0.0013489343,0.8812352834,0.3526871019,1.3160683831,5.0246277,3.618866,7.866272,-4.8500977,-2.6519165,-5.4392395,lgwatch,walk
5.128830866,-4.4494380262,1.3091319122,6.4857350484,3.6145714098,3.5144405184,19.516933,7.2370734,13.015479,-19.6133,-19.6133,-14.450803,0.0394612538,0.0167258972,0.0257024397,1.651147436,0.8794879001,1.6175520517,8.72638,4.2053976,6.218215,-5.7252636,-7.263772,-6.8059745,gear,null
3.7670941295,-6.0845024359,-0.016814886,6.8486584328,4.6138369805,3.8195159772,19.612701,6.9371996,12.1398,-19.6133,-19.6133,-19.6133,0.2441258234,-0.3322527291,0.0215250727,1.6915985283,1.0894158859,1.3255728344,7.8917456,6.2991753,7.793741,-7.449927,-4.659733,-5.262673,gear,stairsdown
1.232167224,-7.1689093955,6.1131241271,1.6849766884,1.9914657552,1.5239050861,19.408173,5.907013,19.927063,-12.1008,-14.237625,-17.728027,0.0009024978,0.0037077946,-0.0009145898,0.2982208709,0.1610801471,0.2482497986,4.5624237,2.4791107,4.958267,-4.7291107,-2.4416962,-4.1965485,lgwatch,sit
7.1810355012,-2.2049484153,-0.5819844765,6.2023626573,0.4874497192,0.4051025411,10.858303,1.1270704,2.0440497,-11.824364,-10.940305,-3.9282866,0.024694792,-0.0353560135,-0.0638205343,0.1331957417,0.0616565333,0.0648195382,2.2407837,0.566987,0.5203817,-1.6833842,-0.9731191,-1.5235945,gear,stand
-7.6235041191,-3.5479060388,-0.613144103,3.814853301,5.0899861059,2.186951525,13.869308,13.960251,19.465866,-19.669525,-19.7034,-9.838882,0.0112517685,0.0013404384,0.0016077907,0.7883657102,0.5512487773,1.3686041221,5.6757355,4.7395325,5.0707855,-4.3421173,-2.9722595,-5.231186,lgwatch,walk
2.0021875485,-4.5029344587,6.8370992909,4.7242163757,2.3881015088,1.798940008,19.32988,10.306381,18.394104,-19.591232,-17.762955,-15.483337,-0.0521568728,0.1093185684,-0.1008699475,0.5371735218,0.2960202906,0.322012247,7.840103,3.5723267,2.5749054,-6.037918,-3.4067383,-2.4463043,lgwatch,bike
2.4999939403,6.522118303,1.3956041161,7.4694743274,5.4719203326,2.9653689992,19.408173,19.325012,19.927063,-19.591232,-19.674393,-19.072342,0.2158609763,0.3155649559,0.0872866948,1.7033010823,1.0051387538,1.3273062534,9.46727,5.3253784,6.2118225,-14.918869,-4.900757,-5.8215637,lgwatch,stairsdown
3.8716661791,-7.4899698703,4.6762059438,0.683746219,1.4366551235,1.7822973161,9.727463,8.080292,8.966049,-1.4531403,-19.7034,-1.8194122,0.0031050752,0.0003685997,0.0026466572,0.1473289897,0.0812516699,0.209449191,3.0852814,1.8593445,5.3049927,-4.127014,-2.2368774,-4.167053,lgwatch,sit
-2.8074556453,5.0465858296,5.3249913047,2.6351090814,2.9484026115,4.4082406496,0.19857788,14.493454,10.369873,-11.393829,-1.6668854,-6.8425903,0.0553103579,-0.0122684889,-0.0779628152,1.2623465008,0.3885350372,0.5025556001,7.1005096,1.6802216,3.1549225,-6.7956696,-2.3166656,-2.2881927,lgwatch,stand
-5.965843763,2.1776252381,-1.7243742095,5.8460743629,2.9094235815,4.1516358597,11.022125,19.325012,11.521973,-16.759186,-9.32692,-16.871094,-0.0314145653,-0.0312400593,-0.0123321539,0.826636167,1.1747067849,0.3798814167,4.223007,4.3109894,1.6349945,-4.0687714,-3.978653,-2.3202362,lgwatch,null
-1.7953450598,-6.9124679496,4.5614207365,5.2188880479,4.0725342478,2.6222499101,19.612701,19.612701,19.612701,-19.6133,-19.6133,-19.6133,-0.0130952801,0.0102429975,-0.0525076398,0.5802249878,0.5149991053,0.5785269699,3.7183056,2.5723474,2.3704798,-2.13985,-4.0714407,-2.500442,gear,bike
5.8128928232,4.0825726115,2.0547458186,5.6769842615,2.8680432384,2.8680579321,19.32988,19.325012,19.927063,-19.669525,-19.7034,-19.274078,-0.0304059116,-0.004897903,-0.0077697547,1.088512629,0.5901416169,0.9971062498,11.052353,7.4477234,7.7402954,-17.573135,-6.4537964,-15.771057,lgwatch,null
4.6874683847,-5.6487733271,2.8736712945,4.8481937868,3.6109804231,3.7825986829,19.32988,19.056183,19.725327,-19.669525,-19.7034,-19.274078,-0.0115151325,-0.0123497062,-0.0105627577,1.4539843967,0.8940048336,1.1221732798,9.984879,7.0914764,6.8125763,-18.48787,-7.2458344,-8.937851,lgwatch,null
-8.9496860872,-4.0521510584,0.3969499421,3.7976599304,1.9802330585,1.4579710984,15.259445,8.049347,8.732773,-19.669525,-18.015717,-9.510391,-0.3311529486,-0.1960056188,0.0211194538,1.1678674016,0.5874144164,1.3844524182,7.4517365,2.7693787,6.162689,-6.1549835,-3.3744202,-5.807678,lgwatch,stairsdown
-0.5438519886,-1.3366468831,8.9959045021,1.1188140878,2.1284080239,0.8940432141,9.387066,5.8801594,14.768035,-8.981249,-11.721413,-1.8722657,0.003987934,-0.0322971018,-0.0775940799,0.4727506648,0.2601034526,0.4182781124,4.36359,4.0069923,3.6842172,-5.8730693,-2.2261364,-4.023504,gear,sit
-9.4148889763,-2.6996437222,-0.743207144,1.0401883421,0.4606028519,1.1882151611,0.60693014,-1.6514006,8.327033,-13.847464,-8.728661,-4.907515,0.059255898,0.0432831107,0.0328080107,0.6143613214,0.2083427496,0.1876792932,3.7899446,1.9196066,3.0652986,-4.144944,-1.2104068,-0.6599313,gear,stand
-9.7056835433,-3.2624266857,0.302670086,4.2024836342,1.9850783438,1.8058981451,4.9617004,13.100937,11.000671,-19.669525,-14.076202,-7.96315,0.3451630295,0.1561479298,-0.0436178699,1.3387384519,0.6145014704,2.0465308815,6.5847015,3.9042664,6.022476,-6.5050507,-3.6975098,-5.304886,lgwatch,stairsdown
6.2015483807,-6.9245874366,-0.3521182662,3.0288507177,1.8764016659,2.5838885497,19.408173,7.8450775,8.377502,-13.309769,-19.27687,-15.723755,0.0372343518,0.0063218177,-0.011600795,0.3937395192,0.2121714476,0.2253434044,1.9832764,0.7045593,1.073288,-1.6130676,-0.9243164,-1.4143524,lgwatch,bike
5.0950735495,-2.1668689628,7.3373974135,1.3672544696,2.494806505,0.9876968373,11.608886,14.368801,13.300389,-2.1068976,-11.58674,-0.7320272,-0.0777921647,0.0634851183,-0.2312114087,0.4668622896,0.222728625,0.3227408775,2.0112193,1.0921624,1.386708,-2.4383903,-0.94941694,-2.3787355,gear,bike
-7.1500503863,-5.0555647566,0.5285025779,3.9794687371,2.0529666077,1.9923904973,8.642014,11.481842,10.777512,-14.585648,-18.22519,-14.773392,-0.0001572062,4.27135800265E-05,0.0019064424,0.5221310068,0.2842967825,0.4461849969,7.218506,4.46875,4.2333984,-13.721893,-4.2096863,-4.5069885,lgwatch,stand
-9.5261378958,-3.1270079295,0.1901908712,5.650070251,2.1907118519,2.5227023096,16.296732,7.020398,11.999739,-19.6133,-10.8624935,-8.158841,0.4408181344,0.0442975113,-0.1326863503,1.3175464664,0.8006885575,2.1099000913,5.634184,3.153449,5.524728,-4.735367,-2.735599,-4.734035,gear,stairsup
2.4582845724,-7.4056276826,4.4847602277,5.0613716447,3.9420745416,2.9987982385,19.408173,19.325012,19.927063,-19.669525,-19.7034,-19.274078,-0.0434438069,0.0454278633,-0.0158803199,0.7645344128,0.6100856669,0.7651974015,6.977066,5.755783,4.077133,-7.8932343,-4.535507,-4.5105133,lgwatch,bike
6.0061880667,-4.0499408243,6.5286661829,2.0400338561,1.4484399744,1.5522959694,19.32988,5.271454,12.070053,-7.7209167,-15.402069,-3.107193,-0.1315855009,-0.0196636534,-0.1381736683,0.7771763396,0.545008293,0.6587280334,5.5169983,1.0088196,2.5794983,-4.087494,-2.2734985,-2.789917,lgwatch,bike
-2.0455829219,-4.6069051557,7.3226029779,2.2873623114,1.1684540541,1.2449031282,1.0151415,-1.7064673,9.057265,-6.7570357,-9.880871,-2.44029,-0.0007334832,-0.0109677694,0.0494271087,0.1546665862,0.167902777,0.1328043275,1.29403,1.3843112,1.0234529,-0.5933523,-1.0500845,-0.3289004,gear,sit
-4.7786269233,-5.5585808757,1.8458088824,5.9669206219,3.305870964,3.1385665135,19.408173,15.897873,19.927063,-19.669525,-19.7034,-19.274078,0.0283120715,-0.0216543128,0.005199505,1.2895667647,0.8427834212,1.2557604001,18.299835,5.714508,6.80777,-11.45639,-6.7738953,-5.7202454,lgwatch,null
6.3932043618,-2.8817082517,0.8415555433,6.3270182979,2.885652757,3.3369138148,19.612701,6.505046,15.279197,-18.302475,-19.6133,-12.766482,0.0369175801,-0.067069163,-0.0561352389,1.3227788717,0.8780881381,1.1998075951,6.9449916,4.636297,6.035522,-8.604141,-4.481834,-8.726646,gear,null
-9.4862409299,-3.3399807927,0.0800660678,3.0949097663,1.7047175062,1.5832521645,11.172348,8.734894,13.476852,-19.669525,-16.56607,-8.86055,0.4180361134,0.1682196169,-0.0175705106,1.2790009543,0.5805455162,1.4335858179,5.557968,5.1950684,5.491913,-5.734146,-2.4131165,-6.353485,lgwatch,stairsup
4.4380377956,-3.5291685652,1.4971185637,8.2231562674,1.6650171249,1.5173633228,19.32988,14.093109,14.300461,-19.591232,-18.396576,-13.666519,0.0040244719,0.0001943402,-0.0098423967,0.6933280284,0.3819107769,0.8248240633,8.668961,2.6267548,5.5436554,-10.158707,-2.6604156,-7.286545,lgwatch,walk
2.6012119974,-7.6113244836,4.4243361954,2.6057935416,0.4665607606,0.5138816706,7.599196,2.2613235,5.2720323,-8.925584,-8.643666,-7.345411,0.0245876169,-0.0311952346,-0.0620390427,0.0825562194,0.0374087277,0.0428562638,2.4975126,0.829841,0.5499428,-1.0785803,-0.8993495,-0.82344943,gear,sit
