,SC001Q01TA,SC013Q01TA,CNTSCHID,CCAA
0,5.0,2.0,72400001.0,13
1,,1.0,72400002.0,15
2,3.0,2.0,72400003.0,09
3,4.0,1.0,72400004.0,06
4,3.0,1.0,72400005.0,17
5,3.0,2.0,72400006.0,08
6,2.0,1.0,72400007.0,17
7,4.0,2.0,72400008.0,12
8,4.0,1.0,72400009.0,16
9,5.0,2.0,72400010.0,13
10,4.0,1.0,72400011.0,09
11,3.0,1.0,72400012.0,16
12,3.0,2.0,72400013.0,06
13,5.0,1.0,72400014.0,13
14,3.0,2.0,72400015.0,13
15,2.0,1.0,72400016.0,08
16,2.0,2.0,72400017.0,16
17,2.0,1.0,72400018.0,03
18,2.0,1.0,72400019.0,13
19,3.0,2.0,72400020.0,09
20,3.0,1.0,72400021.0,13
21,4.0,2.0,72400022.0,05
22,3.0,1.0,72400023.0,08
23,4.0,2.0,72400024.0,16
24,4.0,2.0,72400025.0,10
25,2.0,1.0,72400026.0,04
26,2.0,1.0,72400027.0,09
27,2.0,1.0,72400028.0,14
28,2.0,1.0,72400029.0,06
29,5.0,2.0,72400030.0,13
30,2.0,1.0,72400031.0,01
31,1.0,1.0,72400032.0,11
32,5.0,2.0,72400033.0,13
33,3.0,2.0,72400034.0,16
34,2.0,1.0,72400035.0,03
35,2.0,1.0,72400036.0,14
36,3.0,1.0,72400037.0,06
37,3.0,2.0,72400038.0,15
38,3.0,2.0,72400039.0,08
39,3.0,1.0,72400040.0,16
40,2.0,1.0,72400041.0,17
41,2.0,1.0,72400042.0,05
42,5.0,2.0,72400043.0,13
43,2.0,2.0,72400044.0,09
44,3.0,2.0,72400045.0,14
45,2.0,1.0,72400046.0,07
46,3.0,1.0,72400047.0,17
47,4.0,2.0,72400048.0,06
48,3.0,2.0,72400049.0,14
49,3.0,1.0,72400050.0,05
50,1.0,1.0,72400051.0,02
51,3.0,1.0,72400052.0,13
52,3.0,2.0,72400053.0,13
53,3.0,2.0,72400054.0,11
54,3.0,1.0,72400055.0,01
55,4.0,1.0,72400056.0,06
56,3.0,1.0,72400057.0,05
57,3.0,2.0,72400058.0,09
58,4.0,2.0,72400059.0,16
59,3.0,1.0,72400060.0,07
60,1.0,2.0,72400061.0,11
61,1.0,1.0,72400062.0,15
62,4.0,1.0,72400063.0,14
63,4.0,2.0,72400064.0,12
64,2.0,1.0,72400065.0,01
65,3.0,2.0,72400066.0,18
66,4.0,1.0,72400067.0,05
67,2.0,2.0,72400068.0,12
68,3.0,1.0,72400069.0,14
69,4.0,2.0,72400070.0,07
70,3.0,2.0,72400071.0,14
71,3.0,2.0,72400072.0,09
72,4.0,1.0,72400073.0,01
73,5.0,2.0,72400074.0,17
74,4.0,2.0,72400075.0,16
75,4.0,2.0,72400076.0,17
76,3.0,1.0,72400077.0,01
77,,2.0,72400078.0,16
78,3.0,1.0,72400079.0,12
79,1.0,1.0,72400080.0,10
80,2.0,2.0,72400081.0,16
81,4.0,2.0,72400082.0,14
82,4.0,2.0,72400083.0,03
83,3.0,2.0,72400084.0,16
84,3.0,2.0,72400085.0,13
85,3.0,2.0,72400086.0,04
86,3.0,2.0,72400087.0,13
87,3.0,1.0,72400088.0,05
88,5.0,1.0,72400089.0,13
89,4.0,1.0,72400090.0,07
90,4.0,2.0,72400091.0,04
91,2.0,1.0,72400092.0,11
92,3.0,1.0,72400093.0,03
93,4.0,1.0,72400094.0,10
94,2.0,1.0,72400095.0,11
95,4.0,2.0,72400096.0,14
96,3.0,2.0,72400097.0,13
97,1.0,1.0,72400098.0,03
98,2.0,1.0,72400099.0,11
99,,,72400100.0,13
100,4.0,1.0,72400101.0,09
101,1.0,1.0,72400102.0,14
102,3.0,1.0,72400103.0,13
103,4.0,1.0,72400104.0,16
104,4.0,1.0,72400105.0,03
105,3.0,1.0,72400106.0,05
106,3.0,1.0,72400107.0,07
107,4.0,1.0,72400108.0,16
108,4.0,2.0,72400109.0,15
109,4.0,1.0,72400110.0,03
110,3.0,2.0,72400111.0,17
111,3.0,2.0,72400112.0,05
112,4.0,1.0,72400113.0,07
113,4.0,2.0,72400114.0,02
114,3.0,1.0,72400115.0,17
115,5.0,1.0,72400116.0,13
116,,,72400117.0,06
117,3.0,1.0,72400118.0,08
118,4.0,1.0,72400119.0,12
119,4.0,2.0,72400120.0,11
120,3.0,2.0,72400121.0,07
121,,,72400122.0,04
122,3.0,1.0,72400123.0,09
123,5.0,2.0,72400124.0,09
124,2.0,1.0,72400125.0,10
125,3.0,2.0,72400126.0,01
126,3.0,1.0,72400127.0,08
127,3.0,1.0,72400128.0,09
128,3.0,2.0,72400129.0,13
129,3.0,1.0,72400130.0,17
130,3.0,1.0,72400131.0,04
131,3.0,2.0,72400132.0,16
132,3.0,1.0,72400133.0,05
133,2.0,1.0,72400134.0,02
134,4.0,2.0,72400135.0,16
135,2.0,1.0,72400136.0,01
136,2.0,1.0,72400137.0,16
137,5.0,1.0,72400138.0,13
138,1.0,1.0,72400139.0,07
139,3.0,1.0,72400140.0,12
140,2.0,1.0,72400141.0,08
141,2.0,1.0,72400142.0,07
142,2.0,1.0,72400143.0,06
143,4.0,1.0,72400144.0,13
144,,,72400145.0,11
145,4.0,1.0,72400146.0,03
146,3.0,2.0,72400147.0,11
147,5.0,2.0,72400148.0,13
148,4.0,1.0,72400149.0,03
149,2.0,2.0,72400150.0,15
150,2.0,1.0,72400151.0,16
151,1.0,1.0,72400152.0,15
152,2.0,1.0,72400153.0,01
153,2.0,1.0,72400154.0,08
154,2.0,1.0,72400155.0,09
155,3.0,1.0,72400156.0,14
156,3.0,1.0,72400157.0,01
157,3.0,1.0,72400158.0,14
158,3.0,1.0,72400159.0,16
159,,,72400160.0,16
160,2.0,1.0,72400161.0,11
161,2.0,1.0,72400162.0,17
162,4.0,1.0,72400163.0,03
163,2.0,1.0,72400164.0,04
164,2.0,1.0,72400165.0,09
165,3.0,1.0,72400166.0,07
166,3.0,1.0,72400167.0,15
167,3.0,1.0,72400168.0,14
168,2.0,1.0,72400169.0,17
169,5.0,1.0,72400170.0,09
170,4.0,1.0,72400171.0,12
171,3.0,2.0,72400172.0,16
172,4.0,2.0,72400173.0,04
173,4.0,2.0,72400174.0,11
174,3.0,1.0,72400175.0,01
175,2.0,1.0,72400176.0,12
176,2.0,1.0,72400177.0,16
177,3.0,1.0,72400178.0,01
178,4.0,,72400179.0,16
179,1.0,1.0,72400180.0,06
180,1.0,1.0,72400181.0,10
181,2.0,1.0,72400182.0,10
182,4.0,1.0,72400183.0,03
183,4.0,2.0,72400184.0,15
184,3.0,2.0,72400185.0,05
185,2.0,1.0,72400186.0,08
186,3.0,1.0,72400187.0,16
187,2.0,1.0,72400188.0,17
188,4.0,1.0,72400189.0,12
189,3.0,1.0,72400190.0,08
190,3.0,1.0,72400192.0,06
191,2.0,1.0,72400193.0,08
192,4.0,1.0,72400194.0,09
193,,,72400195.0,16
194,4.0,1.0,72400196.0,01
195,3.0,2.0,72400197.0,02
196,3.0,1.0,72400198.0,13
197,4.0,1.0,72400199.0,02
198,3.0,1.0,72400200.0,05
199,4.0,1.0,72400201.0,06
200,1.0,1.0,72400202.0,10
201,2.0,2.0,72400203.0,15
202,4.0,2.0,72400204.0,02
203,2.0,1.0,72400205.0,05
204,1.0,1.0,72400206.0,08
205,3.0,1.0,72400207.0,18
206,1.0,1.0,72400208.0,12
207,4.0,1.0,72400209.0,02
208,4.0,1.0,72400210.0,04
209,4.0,2.0,72400211.0,16
210,2.0,1.0,72400212.0,10
211,4.0,2.0,72400213.0,02
212,2.0,2.0,72400214.0,04
213,2.0,1.0,72400215.0,04
214,2.0,1.0,72400216.0,01
215,2.0,1.0,72400217.0,09
216,4.0,1.0,72400218.0,02
217,2.0,1.0,72400219.0,15
218,3.0,2.0,72400220.0,08
219,2.0,2.0,72400221.0,04
220,3.0,1.0,72400222.0,09
221,3.0,1.0,72400223.0,08
222,1.0,2.0,72400224.0,06
223,4.0,2.0,72400225.0,02
224,4.0,1.0,72400226.0,01
225,3.0,2.0,72400227.0,07
226,2.0,1.0,72400228.0,10
227,2.0,1.0,72400229.0,11
228,4.0,1.0,72400230.0,02
229,4.0,1.0,72400231.0,02
230,2.0,1.0,72400232.0,11
231,4.0,2.0,72400233.0,16
232,,,72400234.0,02
233,4.0,1.0,72400235.0,16
234,2.0,2.0,72400236.0,04
235,5.0,2.0,72400237.0,13
236,2.0,1.0,72400238.0,05
237,2.0,1.0,72400239.0,06
238,3.0,2.0,72400240.0,06
239,1.0,1.0,72400241.0,05
240,5.0,1.0,72400242.0,13
241,4.0,1.0,72400243.0,13
242,5.0,2.0,72400244.0,13
243,3.0,2.0,72400245.0,13
244,2.0,1.0,72400246.0,06
245,3.0,2.0,72400247.0,16
246,4.0,1.0,72400248.0,17
247,,,72400249.0,13
248,4.0,2.0,72400250.0,04
249,2.0,1.0,72400251.0,05
250,4.0,1.0,72400252.0,13
251,2.0,1.0,72400253.0,03
252,3.0,1.0,72400254.0,09
253,2.0,1.0,72400255.0,10
254,4.0,2.0,72400256.0,03
255,3.0,2.0,72400257.0,07
256,4.0,2.0,72400258.0,07
257,4.0,1.0,72400259.0,15
258,3.0,2.0,72400260.0,18
259,1.0,1.0,72400261.0,09
260,3.0,1.0,72400262.0,14
261,4.0,1.0,72400263.0,04
262,2.0,1.0,72400264.0,09
263,4.0,1.0,72400265.0,17
264,3.0,1.0,72400266.0,18
265,4.0,1.0,72400268.0,12
266,3.0,1.0,72400269.0,16
267,3.0,1.0,72400270.0,08
268,2.0,1.0,72400271.0,05
269,2.0,1.0,72400272.0,04
270,2.0,1.0,72400273.0,08
271,2.0,2.0,72400274.0,12
272,3.0,1.0,72400275.0,01
273,3.0,1.0,72400276.0,08
274,5.0,1.0,72400277.0,13
275,3.0,2.0,72400278.0,15
276,4.0,2.0,72400279.0,05
277,4.0,2.0,72400280.0,07
278,5.0,1.0,72400281.0,13
279,2.0,1.0,72400282.0,10
280,3.0,2.0,72400283.0,13
281,2.0,1.0,72400284.0,06
282,4.0,2.0,72400285.0,16
283,1.0,1.0,72400286.0,11
284,3.0,1.0,72400287.0,14
285,4.0,1.0,72400288.0,07
286,3.0,2.0,72400289.0,16
287,2.0,1.0,72400290.0,02
288,4.0,2.0,72400291.0,16
289,4.0,2.0,72400292.0,15
290,2.0,2.0,72400293.0,10
291,4.0,1.0,72400294.0,15
292,2.0,1.0,72400295.0,16
293,3.0,1.0,72400296.0,13
294,2.0,2.0,72400297.0,13
295,4.0,2.0,72400298.0,15
296,4.0,1.0,72400299.0,11
297,4.0,2.0,72400300.0,07
298,5.0,1.0,72400301.0,13
299,2.0,1.0,72400302.0,15
300,4.0,1.0,72400303.0,07
301,3.0,2.0,72400304.0,10
302,4.0,1.0,72400305.0,07
303,4.0,1.0,72400306.0,10
304,4.0,1.0,72400307.0,06
305,4.0,1.0,72400308.0,02
306,2.0,1.0,72400309.0,01
307,2.0,1.0,72400310.0,07
308,4.0,2.0,72400311.0,06
309,3.0,2.0,72400312.0,08
310,2.0,1.0,72400313.0,16
311,4.0,1.0,72400314.0,01
312,1.0,1.0,72400315.0,07
313,3.0,1.0,72400316.0,05
314,4.0,1.0,72400317.0,02
315,3.0,1.0,72400318.0,09
316,3.0,1.0,72400319.0,05
317,3.0,1.0,72400320.0,19
318,2.0,1.0,72400321.0,17
319,4.0,2.0,72400322.0,12
320,3.0,1.0,72400323.0,16
321,3.0,2.0,72400324.0,12
322,3.0,2.0,72400325.0,13
323,4.0,2.0,72400326.0,16
324,5.0,2.0,72400327.0,13
325,3.0,2.0,72400328.0,05
326,2.0,2.0,72400329.0,16
327,3.0,2.0,72400330.0,14
328,4.0,1.0,72400331.0,14
329,2.0,2.0,72400332.0,16
330,3.0,1.0,72400334.0,04
331,1.0,1.0,72400335.0,08
332,3.0,2.0,72400336.0,10
333,2.0,2.0,72400337.0,07
334,3.0,2.0,72400338.0,16
335,3.0,1.0,72400339.0,06
336,2.0,1.0,72400340.0,06
337,3.0,2.0,72400341.0,06
338,3.0,2.0,72400342.0,13
339,3.0,1.0,72400343.0,04
340,4.0,1.0,72400344.0,16
341,2.0,1.0,72400345.0,08
342,1.0,2.0,72400346.0,11
343,4.0,1.0,72400347.0,09
344,2.0,2.0,72400348.0,17
345,2.0,1.0,72400349.0,16
346,3.0,2.0,72400350.0,03
347,4.0,2.0,72400351.0,13
348,4.0,2.0,72400352.0,04
349,3.0,1.0,72400353.0,05
350,4.0,2.0,72400354.0,16
351,3.0,1.0,72400355.0,13
352,4.0,2.0,72400356.0,16
353,4.0,1.0,72400357.0,06
354,4.0,1.0,72400358.0,16
355,3.0,1.0,72400359.0,16
356,2.0,2.0,72400360.0,14
357,2.0,2.0,72400361.0,08
358,4.0,2.0,72400362.0,15
359,,,72400363.0,04
360,4.0,2.0,72400364.0,16
361,3.0,2.0,72400365.0,10
362,3.0,1.0,72400366.0,06
363,4.0,1.0,72400367.0,13
364,3.0,1.0,72400368.0,14
365,2.0,1.0,72400369.0,02
366,2.0,1.0,72400370.0,07
367,4.0,2.0,72400371.0,02
368,3.0,2.0,72400372.0,16
369,3.0,2.0,72400373.0,19
370,3.0,2.0,72400374.0,08
371,4.0,2.0,72400375.0,11
372,2.0,1.0,72400376.0,15
373,2.0,1.0,72400377.0,15
374,3.0,1.0,72400378.0,01
375,3.0,2.0,72400379.0,16
376,3.0,1.0,72400380.0,16
377,5.0,1.0,72400381.0,09
378,4.0,1.0,72400382.0,13
379,4.0,2.0,72400383.0,06
380,2.0,1.0,72400384.0,12
381,4.0,2.0,72400385.0,07
382,3.0,2.0,72400386.0,05
383,2.0,1.0,72400387.0,02
384,2.0,1.0,72400388.0,08
385,1.0,1.0,72400389.0,12
386,1.0,2.0,72400390.0,16
387,3.0,1.0,72400391.0,14
388,2.0,1.0,72400392.0,10
389,2.0,1.0,72400393.0,05
390,2.0,1.0,72400394.0,04
391,3.0,1.0,72400395.0,07
392,3.0,1.0,72400396.0,04
393,2.0,1.0,72400397.0,08
394,2.0,1.0,72400398.0,11
395,2.0,2.0,72400399.0,16
396,5.0,1.0,72400400.0,13
397,3.0,1.0,72400401.0,01
398,4.0,2.0,72400402.0,14
399,3.0,1.0,72400403.0,13
400,3.0,1.0,72400404.0,17
401,2.0,1.0,72400405.0,06
402,2.0,1.0,72400406.0,11
403,2.0,1.0,72400407.0,08
404,3.0,2.0,72400408.0,05
405,4.0,1.0,72400409.0,11
406,5.0,1.0,72400410.0,13
407,,,72400411.0,10
408,3.0,2.0,72400412.0,07
409,4.0,1.0,72400413.0,16
410,3.0,2.0,72400414.0,17
411,4.0,1.0,72400415.0,15
412,3.0,2.0,72400416.0,11
413,4.0,2.0,72400417.0,11
414,4.0,1.0,72400418.0,17
415,4.0,2.0,72400419.0,12
416,3.0,2.0,72400420.0,13
417,4.0,1.0,72400421.0,13
418,3.0,1.0,72400422.0,11
419,3.0,2.0,72400423.0,17
420,4.0,2.0,72400424.0,16
421,4.0,2.0,72400425.0,14
422,3.0,1.0,72400426.0,05
423,5.0,2.0,72400427.0,13
424,4.0,1.0,72400428.0,02
425,3.0,2.0,72400429.0,04
426,3.0,2.0,72400430.0,13
427,4.0,2.0,72400431.0,07
428,5.0,2.0,72400432.0,13
429,3.0,1.0,72400433.0,04
430,4.0,2.0,72400434.0,16
431,2.0,2.0,72400435.0,11
432,2.0,1.0,72400436.0,05
433,2.0,1.0,72400437.0,03
434,2.0,1.0,72400438.0,06
435,3.0,1.0,72400439.0,02
436,3.0,1.0,72400440.0,11
437,4.0,1.0,72400441.0,02
438,3.0,1.0,72400442.0,04
439,4.0,1.0,72400443.0,14
440,4.0,1.0,72400444.0,14
441,5.0,2.0,72400445.0,13
442,4.0,2.0,72400446.0,16
443,5.0,2.0,72400447.0,13
444,3.0,1.0,72400448.0,05
445,2.0,1.0,72400449.0,06
446,2.0,1.0,72400450.0,14
447,5.0,2.0,72400451.0,13
448,5.0,2.0,72400452.0,13
449,2.0,1.0,72400453.0,01
450,3.0,2.0,72400454.0,13
451,3.0,2.0,72400455.0,01
452,4.0,1.0,72400456.0,10
453,4.0,2.0,72400457.0,16
454,3.0,1.0,72400458.0,15
455,4.0,2.0,72400459.0,12
456,5.0,1.0,72400460.0,05
457,4.0,1.0,72400461.0,04
458,2.0,2.0,72400462.0,16
459,5.0,1.0,72400463.0,13
460,1.0,1.0,72400464.0,10
461,2.0,1.0,72400465.0,15
462,4.0,2.0,72400466.0,15
463,4.0,2.0,72400467.0,16
464,4.0,2.0,72400468.0,12
465,3.0,2.0,72400469.0,03
466,2.0,1.0,72400470.0,10
467,3.0,1.0,72400471.0,02
468,3.0,2.0,72400472.0,02
469,4.0,2.0,72400473.0,16
470,2.0,1.0,72400474.0,05
471,2.0,2.0,72400475.0,09
472,2.0,1.0,72400476.0,07
473,4.0,2.0,72400477.0,16
474,,,72400478.0,13
475,3.0,1.0,72400479.0,13
476,4.0,2.0,72400480.0,16
477,4.0,2.0,72400481.0,16
478,3.0,2.0,72400482.0,17
479,3.0,1.0,72400483.0,01
480,2.0,1.0,72400484.0,06
481,4.0,2.0,72400485.0,01
482,3.0,2.0,72400486.0,02
483,3.0,2.0,72400487.0,16
484,4.0,1.0,72400488.0,03
485,,,72400489.0,11
486,3.0,2.0,72400490.0,16
487,5.0,2.0,72400491.0,13
488,1.0,2.0,72400492.0,14
489,3.0,2.0,72400493.0,02
490,2.0,2.0,72400494.0,06
491,4.0,1.0,72400495.0,03
492,2.0,1.0,72400496.0,14
493,5.0,2.0,72400497.0,13
494,4.0,1.0,72400498.0,04
495,3.0,1.0,72400499.0,16
496,,,72400500.0,16
497,5.0,2.0,72400501.0,09
498,4.0,2.0,72400502.0,11
499,2.0,1.0,72400503.0,15
500,5.0,2.0,72400504.0,09
501,1.0,2.0,72400505.0,03
502,5.0,1.0,72400506.0,09
503,3.0,2.0,72400507.0,01
504,3.0,1.0,72400508.0,03
505,3.0,1.0,72400509.0,07
506,2.0,1.0,72400510.0,04
507,3.0,2.0,72400511.0,17
508,5.0,2.0,72400512.0,13
509,2.0,1.0,72400513.0,14
510,4.0,2.0,72400514.0,12
511,3.0,2.0,72400515.0,13
512,1.0,1.0,72400516.0,08
513,3.0,1.0,72400517.0,04
514,3.0,2.0,72400518.0,03
515,2.0,2.0,72400519.0,09
516,4.0,2.0,72400520.0,03
517,2.0,1.0,72400521.0,05
518,3.0,1.0,72400522.0,02
519,4.0,1.0,72400523.0,16
520,4.0,2.0,72400524.0,06
521,3.0,1.0,72400525.0,11
522,3.0,1.0,72400526.0,01
523,5.0,2.0,72400527.0,13
524,2.0,2.0,72400528.0,06
525,2.0,1.0,72400529.0,10
526,3.0,1.0,72400530.0,16
527,4.0,2.0,72400531.0,02
528,3.0,1.0,72400532.0,16
529,3.0,2.0,72400533.0,13
530,3.0,2.0,72400534.0,08
531,5.0,2.0,72400535.0,13
532,3.0,1.0,72400536.0,10
533,4.0,1.0,72400537.0,16
534,3.0,2.0,72400538.0,05
535,3.0,2.0,72400539.0,15
536,4.0,2.0,72400540.0,15
537,3.0,2.0,72400541.0,17
538,4.0,2.0,72400542.0,02
539,4.0,1.0,72400543.0,16
540,2.0,2.0,72400544.0,12
541,4.0,1.0,72400545.0,06
542,3.0,2.0,72400546.0,09
543,3.0,2.0,72400547.0,04
544,3.0,2.0,72400548.0,09
545,2.0,1.0,72400549.0,13
546,1.0,1.0,72400550.0,10
547,4.0,2.0,72400551.0,01
548,4.0,2.0,72400552.0,03
549,4.0,1.0,72400553.0,17
550,4.0,2.0,72400554.0,11
551,3.0,2.0,72400555.0,10
552,2.0,1.0,72400556.0,04
553,3.0,1.0,72400557.0,08
554,4.0,2.0,72400558.0,02
555,,,72400559.0,12
556,4.0,2.0,72400560.0,03
557,3.0,1.0,72400561.0,15
558,4.0,2.0,72400562.0,12
559,3.0,1.0,72400563.0,14
560,3.0,1.0,72400564.0,09
561,4.0,1.0,72400565.0,02
562,3.0,1.0,72400566.0,09
563,5.0,1.0,72400567.0,13
564,1.0,1.0,72400568.0,07
565,,,72400569.0,13
566,3.0,2.0,72400570.0,16
567,3.0,2.0,72400571.0,19
568,5.0,2.0,72400572.0,13
569,2.0,1.0,72400573.0,11
570,3.0,1.0,72400574.0,14
571,1.0,1.0,72400575.0,15
572,2.0,2.0,72400576.0,15
573,3.0,2.0,72400577.0,16
574,3.0,1.0,72400579.0,10
575,4.0,1.0,72400580.0,16
576,3.0,2.0,72400581.0,16
577,2.0,2.0,72400582.0,12
578,2.0,2.0,72400583.0,15
579,5.0,1.0,72400584.0,13
580,2.0,1.0,72400585.0,07
581,2.0,1.0,72400586.0,06
582,4.0,1.0,72400587.0,16
583,3.0,1.0,72400588.0,04
584,3.0,1.0,72400589.0,09
585,5.0,2.0,72400590.0,09
586,4.0,1.0,72400591.0,13
587,2.0,1.0,72400592.0,07
588,4.0,2.0,72400593.0,04
589,4.0,1.0,72400594.0,12
590,4.0,2.0,72400595.0,03
591,3.0,1.0,72400596.0,16
592,,,72400597.0,18
593,4.0,2.0,72400598.0,07
594,4.0,2.0,72400599.0,12
595,,,72400600.0,06
596,4.0,2.0,72400601.0,15
597,3.0,1.0,72400602.0,19
598,4.0,2.0,72400603.0,07
599,4.0,2.0,72400604.0,16
600,2.0,2.0,72400605.0,17
601,1.0,1.0,72400606.0,08
602,2.0,1.0,72400607.0,11
603,3.0,1.0,72400608.0,08
604,3.0,2.0,72400609.0,07
605,1.0,1.0,72400610.0,08
606,3.0,2.0,72400611.0,11
607,2.0,1.0,72400612.0,15
608,1.0,1.0,72400613.0,03
609,2.0,1.0,72400614.0,15
610,4.0,1.0,72400615.0,04
611,,,72400617.0,16
612,4.0,1.0,72400618.0,13
613,2.0,1.0,72400619.0,10
614,1.0,1.0,72400620.0,15
615,2.0,1.0,72400621.0,15
616,2.0,2.0,72400622.0,13
617,3.0,2.0,72400623.0,17
618,4.0,1.0,72400624.0,03
619,4.0,1.0,72400625.0,11
620,,,72400626.0,01
621,2.0,1.0,72400627.0,17
622,3.0,1.0,72400628.0,16
623,4.0,2.0,72400629.0,03
624,4.0,1.0,72400630.0,08
625,1.0,2.0,72400631.0,06
626,4.0,1.0,72400632.0,13
627,3.0,1.0,72400633.0,05
628,1.0,1.0,72400634.0,02
629,2.0,2.0,72400635.0,15
630,2.0,2.0,72400636.0,07
631,3.0,1.0,72400637.0,15
632,3.0,2.0,72400638.0,16
633,,,72400639.0,05
634,3.0,1.0,72400640.0,06
635,2.0,2.0,72400641.0,09
636,4.0,1.0,72400642.0,13
637,2.0,1.0,72400643.0,10
638,4.0,1.0,72400644.0,14
639,3.0,2.0,72400645.0,16
640,2.0,1.0,72400646.0,11
641,3.0,2.0,72400647.0,17
642,3.0,2.0,72400648.0,11
643,1.0,2.0,72400649.0,16
644,2.0,1.0,72400650.0,04
645,4.0,1.0,72400651.0,14
646,2.0,2.0,72400652.0,10
647,2.0,1.0,72400653.0,06
648,2.0,1.0,72400654.0,10
649,4.0,2.0,72400655.0,13
650,1.0,1.0,72400656.0,06
651,4.0,1.0,72400657.0,03
652,3.0,1.0,72400658.0,17
653,2.0,1.0,72400659.0,10
654,3.0,1.0,72400660.0,01
655,2.0,1.0,72400661.0,15
656,3.0,2.0,72400662.0,16
657,2.0,1.0,72400663.0,07
658,5.0,2.0,72400664.0,13
659,2.0,1.0,72400665.0,16
660,2.0,1.0,72400666.0,05
661,3.0,2.0,72400667.0,16
662,3.0,1.0,72400668.0,01
663,4.0,1.0,72400669.0,03
664,3.0,1.0,72400670.0,07
665,3.0,1.0,72400671.0,09
666,5.0,1.0,72400672.0,13
667,3.0,2.0,72400673.0,13
668,2.0,2.0,72400674.0,02
669,3.0,1.0,72400675.0,16
670,3.0,1.0,72400676.0,10
671,3.0,1.0,72400677.0,17
672,5.0,2.0,72400678.0,13
673,5.0,2.0,72400679.0,13
674,2.0,1.0,72400680.0,13
675,3.0,1.0,72400681.0,13
676,3.0,2.0,72400682.0,05
677,4.0,1.0,72400683.0,01
678,3.0,2.0,72400684.0,04
679,2.0,1.0,72400685.0,05
680,3.0,2.0,72400686.0,07
681,2.0,1.0,72400687.0,11
682,2.0,1.0,72400688.0,15
683,4.0,1.0,72400689.0,07
684,1.0,1.0,72400690.0,11
685,4.0,1.0,72400691.0,03
686,4.0,2.0,72400692.0,08
687,3.0,1.0,72400693.0,19
688,5.0,1.0,72400694.0,13
689,2.0,1.0,72400695.0,13
690,2.0,2.0,72400696.0,11
691,3.0,1.0,72400697.0,16
692,4.0,1.0,72400698.0,16
693,2.0,2.0,72400699.0,17
694,1.0,1.0,72400700.0,15
695,3.0,1.0,72400701.0,08
696,4.0,1.0,72400702.0,16
697,4.0,1.0,72400703.0,05
698,4.0,2.0,72400704.0,04
699,3.0,2.0,72400705.0,13
700,2.0,1.0,72400706.0,10
701,3.0,2.0,72400707.0,13
702,3.0,1.0,72400708.0,04
703,3.0,1.0,72400709.0,12
704,2.0,1.0,72400710.0,09
705,2.0,2.0,72400711.0,17
706,2.0,1.0,72400712.0,09
707,5.0,2.0,72400713.0,13
708,3.0,2.0,72400714.0,14
709,4.0,2.0,72400715.0,13
710,4.0,2.0,72400716.0,02
711,2.0,1.0,72400717.0,07
712,4.0,1.0,72400718.0,11
713,,,72400719.0,05
714,4.0,2.0,72400720.0,01
715,2.0,1.0,72400721.0,14
716,5.0,1.0,72400722.0,13
717,3.0,1.0,72400723.0,16
718,3.0,1.0,72400724.0,14
719,2.0,1.0,72400725.0,11
720,2.0,2.0,72400726.0,07
721,4.0,2.0,72400727.0,16
722,2.0,1.0,72400728.0,10
723,3.0,2.0,72400729.0,13
724,2.0,1.0,72400730.0,01
725,2.0,1.0,72400731.0,12
726,4.0,2.0,72400732.0,11
727,2.0,2.0,72400733.0,02
728,,,72400734.0,06
729,5.0,2.0,72400735.0,13
730,4.0,2.0,72400736.0,03
731,3.0,1.0,72400737.0,13
732,2.0,1.0,72400738.0,12
733,2.0,1.0,72400739.0,05
734,3.0,2.0,72400740.0,08
735,4.0,1.0,72400741.0,13
736,3.0,1.0,72400742.0,04
737,3.0,1.0,72400743.0,04
738,3.0,2.0,72400744.0,18
739,3.0,1.0,72400745.0,17
740,2.0,1.0,72400746.0,10
741,3.0,2.0,72400747.0,10
742,3.0,1.0,72400748.0,09
743,4.0,2.0,72400749.0,03
744,4.0,1.0,72400750.0,14
745,2.0,1.0,72400751.0,02
746,1.0,1.0,72400752.0,02
747,5.0,1.0,72400753.0,09
748,3.0,2.0,72400754.0,10
749,1.0,1.0,72400755.0,16
750,1.0,1.0,72400756.0,02
751,3.0,1.0,72400757.0,10
752,4.0,1.0,72400758.0,07
753,3.0,1.0,72400759.0,08
754,3.0,1.0,72400760.0,10
755,5.0,2.0,72400761.0,13
756,3.0,1.0,72400762.0,06
757,3.0,1.0,72400763.0,11
758,2.0,2.0,72400764.0,05
759,3.0,1.0,72400765.0,16
760,2.0,1.0,72400766.0,09
761,3.0,2.0,72400767.0,07
762,,,72400768.0,06
763,2.0,1.0,72400769.0,03
764,3.0,1.0,72400770.0,01
765,2.0,1.0,72400771.0,09
766,3.0,1.0,72400772.0,16
767,2.0,1.0,72400773.0,12
768,2.0,1.0,72400774.0,02
769,,,72400775.0,18
770,3.0,1.0,72400776.0,08
771,5.0,2.0,72400777.0,13
772,2.0,2.0,72400778.0,15
773,3.0,1.0,72400779.0,11
774,2.0,1.0,72400780.0,17
775,4.0,2.0,72400781.0,17
776,2.0,1.0,72400782.0,10
777,2.0,1.0,72400783.0,01
778,4.0,1.0,72400784.0,04
779,2.0,2.0,72400785.0,16
780,2.0,1.0,72400786.0,13
781,2.0,1.0,72400787.0,10
782,2.0,1.0,72400788.0,03
783,4.0,1.0,72400789.0,05
784,3.0,1.0,72400790.0,06
785,1.0,2.0,72400791.0,03
786,5.0,1.0,72400792.0,13
787,4.0,2.0,72400793.0,03
788,3.0,1.0,72400794.0,16
789,1.0,1.0,72400795.0,08
790,3.0,1.0,72400796.0,17
791,1.0,1.0,72400797.0,05
792,3.0,1.0,72400798.0,16
793,4.0,2.0,72400799.0,16
794,3.0,1.0,72400800.0,17
795,4.0,1.0,72400801.0,15
796,4.0,2.0,72400802.0,15
797,4.0,1.0,72400803.0,10
798,3.0,1.0,72400804.0,06
799,4.0,2.0,72400805.0,01
800,2.0,1.0,72400807.0,08
801,3.0,1.0,72400808.0,16
802,,,72400809.0,11
803,3.0,1.0,72400810.0,08
804,5.0,1.0,72400811.0,13
805,1.0,1.0,72400812.0,10
806,3.0,2.0,72400813.0,14
807,4.0,1.0,72400814.0,01
808,3.0,2.0,72400815.0,08
809,3.0,1.0,72400816.0,17
810,4.0,2.0,72400817.0,05
811,4.0,1.0,72400818.0,13
812,4.0,1.0,72400819.0,06
813,2.0,1.0,72400820.0,01
814,4.0,1.0,72400821.0,17
815,2.0,1.0,72400822.0,04
816,2.0,1.0,72400823.0,13
817,4.0,2.0,72400824.0,02
818,1.0,2.0,72400825.0,15
819,2.0,2.0,72400826.0,16
820,3.0,1.0,72400827.0,16
821,4.0,1.0,72400828.0,16
822,2.0,1.0,72400829.0,11
823,2.0,1.0,72400830.0,01
824,4.0,2.0,72400831.0,16
825,4.0,2.0,72400832.0,05
826,3.0,1.0,72400833.0,01
827,4.0,1.0,72400834.0,05
828,3.0,2.0,72400835.0,13
829,4.0,2.0,72400836.0,03
830,3.0,1.0,72400837.0,13
831,3.0,1.0,72400838.0,01
832,4.0,1.0,72400839.0,17
833,3.0,2.0,72400840.0,18
834,4.0,1.0,72400841.0,14
835,3.0,1.0,72400842.0,04
836,3.0,1.0,72400843.0,08
837,3.0,2.0,72400844.0,11
838,5.0,2.0,72400845.0,09
839,2.0,1.0,72400846.0,03
840,4.0,1.0,72400847.0,03
841,4.0,1.0,72400848.0,02
842,3.0,2.0,72400849.0,16
843,3.0,1.0,72400850.0,03
844,4.0,2.0,72400851.0,16
845,4.0,2.0,72400852.0,02
846,5.0,1.0,72400853.0,13
847,1.0,1.0,72400854.0,07
848,2.0,1.0,72400855.0,12
849,4.0,2.0,72400856.0,06
850,3.0,1.0,72400857.0,19
851,3.0,1.0,72400858.0,16
852,3.0,1.0,72400859.0,02
853,3.0,1.0,72400860.0,17
854,4.0,2.0,72400861.0,12
855,4.0,2.0,72400862.0,13
856,3.0,1.0,72400863.0,08
857,2.0,1.0,72400864.0,11
858,2.0,2.0,72400865.0,12
859,4.0,1.0,72400866.0,02
860,,,72400867.0,01
861,5.0,2.0,72400869.0,13
862,3.0,1.0,72400870.0,17
863,4.0,2.0,72400871.0,12
864,2.0,1.0,72400872.0,13
865,2.0,2.0,72400873.0,16
866,3.0,1.0,72400874.0,07
867,3.0,1.0,72400875.0,10
868,3.0,1.0,72400876.0,13
869,4.0,2.0,72400877.0,15
870,3.0,1.0,72400878.0,14
871,2.0,1.0,72400879.0,11
872,3.0,2.0,72400880.0,03
873,3.0,2.0,72400881.0,16
874,4.0,2.0,72400882.0,02
875,1.0,1.0,72400883.0,07
876,2.0,1.0,72400884.0,04
877,2.0,1.0,72400885.0,03
878,4.0,2.0,72400886.0,14
879,4.0,1.0,72400887.0,09
880,3.0,1.0,72400888.0,01
881,4.0,1.0,72400889.0,15
882,2.0,1.0,72400890.0,06
883,4.0,1.0,72400891.0,17
884,2.0,2.0,72400892.0,04
885,4.0,1.0,72400893.0,04
886,5.0,1.0,72400894.0,13
887,4.0,1.0,72400895.0,07
888,3.0,2.0,72400896.0,07
889,3.0,1.0,72400897.0,16
890,4.0,1.0,72400898.0,11
891,5.0,1.0,72400899.0,04
892,3.0,1.0,72400900.0,11
893,2.0,2.0,72400901.0,14
894,4.0,1.0,72400902.0,01
895,1.0,1.0,72400903.0,16
896,4.0,1.0,72400904.0,13
897,3.0,1.0,72400905.0,05
898,4.0,1.0,72400906.0,03
899,3.0,2.0,72400907.0,18
900,1.0,1.0,72400908.0,06
901,2.0,1.0,72400909.0,17
902,4.0,1.0,72400910.0,15
903,5.0,2.0,72400911.0,13
904,2.0,1.0,72400912.0,16
905,2.0,2.0,72400913.0,13
906,3.0,1.0,72400914.0,05
907,2.0,2.0,72400915.0,12
908,4.0,2.0,72400916.0,17
909,3.0,2.0,72400917.0,07
910,,,72400918.0,17
911,2.0,1.0,72400919.0,16
912,3.0,1.0,72400920.0,13
913,2.0,1.0,72400921.0,03
914,3.0,1.0,72400922.0,03
915,2.0,1.0,72400923.0,05
916,5.0,1.0,72400924.0,02
917,1.0,1.0,72400925.0,10
918,3.0,1.0,72400926.0,08
919,3.0,2.0,72400927.0,18
920,4.0,2.0,72400928.0,04
921,4.0,1.0,72400929.0,05
922,3.0,1.0,72400930.0,14
923,2.0,2.0,72400931.0,16
924,3.0,1.0,72400933.0,11
925,4.0,1.0,72400934.0,13
926,2.0,1.0,72400935.0,11
927,4.0,2.0,72400936.0,09
928,3.0,2.0,72400937.0,13
929,5.0,2.0,72400938.0,13
930,,,72400939.0,13
931,3.0,1.0,72400940.0,04
932,3.0,2.0,72400941.0,12
933,2.0,1.0,72400942.0,10
934,3.0,1.0,72400943.0,11
935,2.0,2.0,72400944.0,16
936,3.0,2.0,72400945.0,01
937,3.0,1.0,72400946.0,16
938,3.0,1.0,72400947.0,01
939,3.0,1.0,72400948.0,06
940,4.0,2.0,72400949.0,01
941,3.0,1.0,72400950.0,16
942,3.0,1.0,72400951.0,11
943,2.0,1.0,72400952.0,08
944,5.0,2.0,72400953.0,13
945,3.0,1.0,72400954.0,16
946,3.0,2.0,72400956.0,17
947,4.0,2.0,72400957.0,02
948,4.0,1.0,72400958.0,09
949,2.0,1.0,72400959.0,14
950,3.0,2.0,72400960.0,06
951,2.0,2.0,72400961.0,16
952,4.0,1.0,72400962.0,12
953,2.0,1.0,72400963.0,05
954,2.0,1.0,72400964.0,12
955,2.0,1.0,72400965.0,03
956,1.0,1.0,72400966.0,05
957,3.0,2.0,72400967.0,14
958,2.0,1.0,72400968.0,09
959,3.0,2.0,72400969.0,01
960,4.0,2.0,72400970.0,03
961,5.0,2.0,72400971.0,13
962,3.0,1.0,72400972.0,05
963,1.0,1.0,72400973.0,11
964,4.0,2.0,72400974.0,01
965,2.0,1.0,72400975.0,17
966,5.0,2.0,72400976.0,13
967,3.0,1.0,72400977.0,11
968,2.0,1.0,72400978.0,11
969,4.0,2.0,72400979.0,07
970,4.0,2.0,72400980.0,16
971,3.0,1.0,72400981.0,11
972,4.0,1.0,72400982.0,03
973,2.0,1.0,72400983.0,14
974,4.0,2.0,72400984.0,06
975,4.0,2.0,72400985.0,10
976,3.0,1.0,72400986.0,14
977,2.0,1.0,72400987.0,12
978,3.0,1.0,72400988.0,04
979,2.0,1.0,72400989.0,16
980,4.0,1.0,72400990.0,03
981,4.0,1.0,72400991.0,07
982,4.0,1.0,72400992.0,14
983,3.0,1.0,72400993.0,05
984,3.0,1.0,72400994.0,13
985,2.0,1.0,72400995.0,15
986,3.0,2.0,72400996.0,08
987,2.0,1.0,72400997.0,15
988,4.0,2.0,72400998.0,04
989,3.0,1.0,72400999.0,10
990,3.0,1.0,72401000.0,01
991,4.0,2.0,72401001.0,11
992,4.0,1.0,72401002.0,02
993,5.0,2.0,72401003.0,13
994,4.0,1.0,72401004.0,16
995,2.0,1.0,72401005.0,08
996,3.0,1.0,72401007.0,08
997,3.0,1.0,72401008.0,07
998,4.0,1.0,72401009.0,12
999,4.0,2.0,72401010.0,12
1000,3.0,2.0,72401011.0,17
1001,2.0,1.0,72401012.0,01
1002,1.0,1.0,72401013.0,03
1003,4.0,1.0,72401014.0,01
1004,3.0,2.0,72401015.0,13
1005,3.0,1.0,72401016.0,13
1006,4.0,2.0,72401017.0,13
1007,2.0,1.0,72401019.0,06
1008,1.0,1.0,72401020.0,07
1009,4.0,1.0,72401021.0,04
1010,5.0,2.0,72401022.0,13
1011,3.0,2.0,72401023.0,08
1012,3.0,1.0,72401024.0,14
1013,4.0,1.0,72401025.0,03
1014,5.0,2.0,72401026.0,13
1015,3.0,1.0,72401027.0,17
1016,4.0,1.0,72401028.0,07
1017,3.0,1.0,72401030.0,08
1018,4.0,2.0,72401031.0,06
1019,3.0,1.0,72401032.0,03
1020,5.0,2.0,72401033.0,13
1021,3.0,1.0,72401034.0,01
1022,4.0,1.0,72401035.0,16
1023,3.0,1.0,72401036.0,14
1024,4.0,1.0,72401037.0,06
1025,3.0,1.0,72401038.0,14
1026,3.0,1.0,72401039.0,19
1027,,,72401040.0,13
1028,4.0,2.0,72401041.0,13
1029,2.0,2.0,72401042.0,05
1030,3.0,1.0,72401043.0,02
1031,4.0,1.0,72401044.0,07
1032,3.0,1.0,72401045.0,08
1033,5.0,1.0,72401046.0,13
1034,3.0,1.0,72401047.0,16
1035,2.0,1.0,72401048.0,12
1036,3.0,2.0,72401049.0,10
1037,2.0,1.0,72401050.0,10
1038,3.0,2.0,72401051.0,17
1039,2.0,1.0,72401052.0,02
1040,4.0,1.0,72401053.0,04
1041,5.0,2.0,72401054.0,09
1042,3.0,1.0,72401055.0,13
1043,4.0,1.0,72401056.0,07
1044,4.0,1.0,72401057.0,16
1045,5.0,2.0,72401058.0,13
1046,3.0,1.0,72401059.0,13
1047,3.0,1.0,72401060.0,17
1048,3.0,1.0,72401062.0,01
1049,1.0,2.0,72401063.0,12
1050,3.0,1.0,72401064.0,18
1051,2.0,1.0,72401065.0,10
1052,1.0,1.0,72401066.0,16
1053,2.0,2.0,72401067.0,10
1054,2.0,1.0,72401068.0,11
1055,2.0,1.0,72401069.0,02
1056,3.0,2.0,72401070.0,13
1057,5.0,2.0,72401071.0,13
1058,4.0,2.0,72401072.0,17
1059,4.0,2.0,72401073.0,04
1060,2.0,1.0,72401074.0,08
1061,,,72401075.0,13
1062,3.0,1.0,72401076.0,06
1063,3.0,1.0,72401077.0,13
1064,4.0,1.0,72401078.0,14
1065,4.0,1.0,72401079.0,10
1066,5.0,2.0,72401080.0,13
1067,3.0,1.0,72401081.0,03
1068,3.0,2.0,72401082.0,06
1069,2.0,1.0,72401083.0,10
1070,,,72401084.0,13
1071,3.0,1.0,72401085.0,03
1072,3.0,1.0,72401086.0,19
1073,5.0,2.0,72401087.0,13
1074,3.0,2.0,72401088.0,16
1075,4.0,1.0,72401089.0,02
1076,3.0,1.0,72401090.0,14
1077,2.0,2.0,72401091.0,12
1078,4.0,2.0,72401092.0,07
1079,5.0,2.0,72401093.0,09
1080,3.0,1.0,72401094.0,18
1081,4.0,1.0,72401095.0,12
1082,2.0,1.0,72401096.0,08
1083,,,72401097.0,09
1084,3.0,2.0,72401098.0,06
1085,2.0,1.0,72401099.0,07
1086,3.0,1.0,72401100.0,16
1087,3.0,1.0,72401101.0,13
1088,1.0,1.0,72401102.0,07
